file	index	code	char	is_new	ink
未使用_000.png	000	001		0	36
1.png	001	002	1	0	21
2.png	002	003	2	0	33
3.png	003	004	3	0	36
4.png	004	005	4	0	36
5.png	005	006	5	0	39
6.png	006	007	6	0	41
7.png	007	008	7	0	23
8.png	008	009	8	0	42
9.png	009	00A	9	0	40
□.png	00A	00B	□	0	0
、.png	00B	00C	、	0	6
。.png	00C	00D	。	0	14
，.png	00D	00E	，	0	6
・.png	00E	00F	・	0	6
：.png	00F	010	：	0	12
？.png	010	011	？	0	31
！.png	011	012	！	0	18
々.png	012	013	々	0	23
ー.png	013	014	ー	0	9
～.png	014	015	～	0	16
‥.png	015	016	‥	0	12
“.png	016	017	“	0	14
（.png	017	018	（	0	22
）.png	018	019	）	0	22
《.png	019	01A	《	0	44
》.png	01A	01B	》	0	44
「.png	01B	01C	「	0	21
」.png	01C	01D	」	0	21
『.png	01D	01E	『	0	40
』.png	01E	01F	』	0	40
＋.png	01F	020	＋	0	20
×.png	020	021	×	0	26
＜.png	021	022	＜	0	21
＞.png	022	023	＞	0	21
％.png	023	024	％	0	54
○.png	024	025	○	0	48
■.png	025	026	■	0	90
A.png	026	027	A	0	45
B.png	027	028	B	0	47
C.png	028	029	C	0	40
D.png	029	02A	D	0	46
E.png	02A	02B	E	0	37
F.png	02B	02C	F	0	31
G.png	02C	02D	G	0	45
H.png	02D	02E	H	0	45
I.png	02E	02F	I	0	24
J.png	02F	030	J	0	28
K.png	030	031	K	0	40
L.png	031	032	L	0	26
M.png	032	033	M	0	70
N.png	033	034	N	0	55
O.png	034	035	O	0	43
P.png	035	036	P	0	38
R.png	036	037	R	0	46
S.png	037	038	S	0	42
T.png	038	039	T	0	28
U.png	039	03A	U	0	41
V.png	03A	03B	V	0	38
W.png	03B	03C	W	0	66
X.png	03C	03D	X	0	36
Y.png	03D	03E	Y	0	30
c_2.png	03E	03F	c	0	26
e_2.png	03F	040	e	0	33
ぁ.png	040	041	ぁ	0	45
あ.png	041	042	あ	0	70
ぃ.png	042	043	ぃ	0	30
い.png	043	044	い	0	38
ぅ.png	044	045	ぅ	0	23
う.png	045	046	う	0	30
ぇ.png	046	047	ぇ	0	29
え.png	047	048	え	0	38
ぉ.png	048	049	ぉ	0	46
お.png	049	04A	お	0	57
か.png	04A	04B	か	0	58
が.png	04B	04C	が	0	64
き.png	04C	04D	き	0	48
ぎ.png	04D	04E	ぎ	0	53
く.png	04E	04F	く	0	22
ぐ.png	04F	050	ぐ	0	30
け.png	050	051	け	0	48
げ.png	051	052	げ	0	52
こ.png	052	053	こ	0	23
ご.png	053	054	ご	0	30
さ.png	054	055	さ	0	42
ざ.png	055	056	ざ	0	49
し.png	056	057	し	0	29
じ.png	057	058	じ	0	37
す.png	058	059	す	0	41
ず.png	059	05A	ず	0	47
せ.png	05A	05B	せ	0	48
ぜ.png	05B	05C	ぜ	0	54
そ.png	05C	05D	そ	0	40
ぞ.png	05D	05E	ぞ	0	47
た.png	05E	05F	た	0	42
だ.png	05F	060	だ	0	50
ち.png	060	061	ち	0	43
っ.png	061	062	っ	0	19
つ.png	062	063	つ	0	28
づ.png	063	064	づ	0	35
て.png	064	065	て	0	32
で.png	065	066	で	0	40
と.png	066	067	と	0	33
ど.png	067	068	ど	0	41
な.png	068	069	な	0	53
に.png	069	06A	に	0	35
ぬ.png	06A	06B	ぬ	0	71
ね.png	06B	06C	ね	0	64
の.png	06C	06D	の	0	56
は.png	06D	06E	は	0	60
ば.png	06E	06F	ば	0	65
ぱ.png	06F	070	ぱ	0	64
ひ.png	070	071	ひ	0	51
び.png	071	072	び	0	55
ふ.png	072	073	ふ	0	42
ぶ.png	073	074	ぶ	0	50
ぷ.png	074	075	ぷ	0	50
へ.png	075	076	へ	0	22
べ.png	076	077	べ	0	30
ほ.png	077	078	ほ	0	61
ぼ.png	078	079	ぼ	0	65
ぽ.png	079	07A	ぽ	0	65
ま.png	07A	07B	ま	0	49
み.png	07B	07C	み	0	53
む.png	07C	07D	む	0	47
め.png	07D	07E	め	0	66
も.png	07E	07F	も	0	47
ゃ.png	07F	080	ゃ	0	31
や.png	080	081	や	0	44
ゅ.png	081	082	ゅ	0	45
ゆ.png	082	083	ゆ	0	62
ょ.png	083	084	ょ	0	29
よ.png	084	085	よ	0	39
ら.png	085	086	ら	0	41
り.png	086	087	り	0	39
る.png	087	088	る	0	42
れ.png	088	089	れ	0	56
ろ.png	089	08A	ろ	0	36
わ.png	08A	08B	わ	0	56
を.png	08B	08C	を	0	51
ん.png	08C	08D	ん	0	38
ァ.png	08D	08E	ァ	0	25
ア.png	08E	08F	ア	0	33
ィ.png	08F	090	ィ	0	21
イ.png	090	091	イ	0	29
ゥ.png	091	092	ゥ	0	27
ウ.png	092	093	ウ	0	41
ェ.png	093	094	ェ	0	20
エ.png	094	095	エ	0	32
ォ.png	095	096	ォ	0	32
オ.png	096	097	オ	0	45
カ.png	097	098	カ	0	48
ガ.png	098	099	ガ	0	54
キ.png	099	09A	キ	0	40
ギ.png	09A	09B	ギ	0	48
ク.png	09B	09C	ク	0	35
グ.png	09C	09D	グ	0	43
ケ.png	09D	09E	ケ	0	36
ゲ.png	09E	09F	ゲ	0	43
コ.png	09F	0A0	コ	0	32
ゴ.png	0A0	0A1	ゴ	0	40
サ.png	0A1	0A2	サ	0	42
ザ.png	0A2	0A3	ザ	0	47
シ.png	0A3	0A4	シ	0	30
ジ.png	0A4	0A5	ジ	0	36
ス.png	0A5	0A6	ス	0	35
ズ.png	0A6	0A7	ズ	0	41
セ.png	0A7	0A8	セ	0	44
ゼ.png	0A8	0A9	ゼ	0	52
ソ.png	0A9	0AA	ソ	0	24
ゾ.png	0AA	0AB	ゾ	0	32
タ.png	0AB	0AC	タ	0	41
ダ.png	0AC	0AD	ダ	0	49
チ.png	0AD	0AE	チ	0	36
ッ.png	0AE	0AF	ッ	0	23
ツ.png	0AF	0B0	ツ	0	30
テ.png	0B0	0B1	テ	0	33
デ.png	0B1	0B2	デ	0	39
ト.png	0B2	0B3	ト	0	27
ド.png	0B3	0B4	ド	0	35
ナ.png	0B4	0B5	ナ	0	30
ニ.png	0B5	0B6	ニ	0	20
ヌ.png	0B6	0B7	ヌ	0	39
ネ.png	0B7	0B8	ネ	0	40
ノ.png	0B8	0B9	ノ	0	19
ハ.png	0B9	0BA	ハ	0	32
バ.png	0BA	0BB	バ	0	38
パ.png	0BB	0BC	パ	0	38
ヒ.png	0BC	0BD	ヒ	0	34
ビ.png	0BD	0BE	ビ	0	42
ピ.png	0BE	0BF	ピ	0	41
フ.png	0BF	0C0	フ	0	29
ブ.png	0C0	0C1	ブ	0	35
プ.png	0C1	0C2	プ	0	35
ヘ.png	0C2	0C3	ヘ	0	19
ベ.png	0C3	0C4	ベ	0	27
ペ.png	0C4	0C5	ペ	0	27
ホ.png	0C5	0C6	ホ	0	46
ボ.png	0C6	0C7	ボ	0	54
ポ.png	0C7	0C8	ポ	0	54
マ.png	0C8	0C9	マ	0	31
ミ.png	0C9	0CA	ミ	0	24
ム.png	0CA	0CB	ム	0	38
メ.png	0CB	0CC	メ	0	31
モ.png	0CC	0CD	モ	0	39
ャ.png	0CD	0CE	ャ	0	26
ヤ.png	0CE	0CF	ヤ	0	38
ュ.png	0CF	0D0	ュ	0	21
ユ.png	0D0	0D1	ユ	0	32
ョ.png	0D1	0D2	ョ	0	29
ヨ.png	0D2	0D3	ヨ	0	39
ラ.png	0D3	0D4	ラ	0	33
リ.png	0D4	0D5	リ	0	36
ル.png	0D5	0D6	ル	0	49
レ.png	0D6	0D7	レ	0	33
ロ.png	0D7	0D8	ロ	0	48
ワ.png	0D8	0D9	ワ	0	38
ン.png	0D9	0DA	ン	0	24
ヴ.png	0DA	0DB	ヴ	0	45
ヶ.png	0DB	0DC	ヶ	0	25
亜.png	0DC	0DD	亜	0	84
哀.png	0DD	0DE	哀	0	67
愛.png	0DE	0DF	愛	0	84
挨.png	0DF	0E0	挨	0	79
悪.png	0E0	0E1	悪	0	87
握.png	0E1	0E2	握	0	92
圧.png	0E2	0E3	圧	0	63
扱.png	0E3	0E4	扱	0	80
飴.png	0E4	0E5	飴	0	76
綾.png	0E5	0E6	綾	0	84
安.png	0E6	0E7	安	0	60
暗.png	0E7	0E8	暗	0	84
案.png	0E8	0E9	案	0	76
闇.png	0E9	0EA	闇	0	107
以.png	0EA	0EB	以	0	58
位.png	0EB	0EC	位	0	66
依.png	0EC	0ED	依	0	76
偉.png	0ED	0EE	偉	0	79
囲.png	0EE	0EF	囲	0	96
威.png	0EF	0F0	威	0	85
意.png	0F0	0F1	意	0	75
慰.png	0F1	0F2	慰	0	80
易.png	0F2	0F3	易	0	73
椅.png	0F3	0F4	椅	0	81
為.png	0F4	0F5	為	0	68
異.png	0F5	0F6	異	0	74
移.png	0F6	0F7	移	0	76
緯.png	0F7	0F8	緯	0	86
胃.png	0F8	0F9	胃	0	75
姜.png	0F9	0FA	姜	0	74
違.png	0FA	0FB	違	0	88
遺.png	0FB	0FC	遺	0	79
医.png	0FC	0FD	医	0	77
井.png	0FD	0FE	井	0	58
域.png	0FE	0FF	域	0	81
育.png	0FF	100	育	0	65
一.png	100	101	一	0	13
溢.png	101	102	溢	0	79
逸.png	102	103	逸	0	82
印.png	103	104	印	0	68
員.png	104	105	員	0	74
因.png	105	106	因	0	86
引.png	106	107	引	0	58
飲.png	107	108	飲	0	77
院.png	108	109	院	0	90
陰.png	109	10A	陰	0	86
隠.png	10A	10B	隠	0	93
右.png	10B	10C	右	0	55
羽.png	10C	10D	羽	0	74
嘘.png	10D	10E	嘘	0	97
噂.png	10E	10F	噂	0	81
運.png	10F	110	運	0	86
雲.png	110	111	雲	0	74
営.png	111	112	営	0	72
影.png	112	113	影	0	73
映.png	113	114	映	0	82
永.png	114	115	永	0	57
英.png	115	116	英	0	70
鋭.png	116	117	鋭	0	90
液.png	117	118	液	0	78
駅.png	118	119	駅	0	92
越.png	119	11A	越	0	88
円.png	11A	11B	円	0	69
園.png	11B	11C	園	0	106
延.png	11C	11D	延	0	73
援.png	11D	11E	援	0	88
沿.png	11E	11F	沿	0	62
演.png	11F	120	演	0	72
煙.png	120	121	煙	0	88
猿.png	121	122	猿	0	82
縁.png	122	123	縁	0	84
苑.png	123	124	苑	0	75
遠.png	124	125	遠	0	78
塩.png	125	126	塩	0	82
汚.png	126	127	汚	0	58
央.png	127	128	央	0	60
奥.png	128	129	奥	0	82
往.png	129	12A	往	0	65
応.png	12A	12B	応	0	61
押.png	12B	12C	押	0	76
横.png	12C	12D	横	0	86
殴.png	12D	12E	殴	0	89
黄.png	12E	12F	黄	0	74
屋.png	12F	130	屋	0	83
憶.png	130	131	憶	0	86
俺.png	131	132	俺	0	84
恩.png	132	133	恩	0	85
温.png	133	134	温	0	84
穏.png	134	135	穏	0	84
音.png	135	136	音	0	64
下.png	136	137	下	0	37
化.png	137	138	化	0	57
仮.png	138	139	仮	0	80
何.png	139	13A	何	0	66
価.png	13A	13B	価	0	95
佳.png	13B	13C	佳	0	69
加.png	13C	13D	加	0	82
可.png	13D	13E	可	0	49
夏.png	13E	13F	夏	0	70
嫁.png	13F	140	嫁	0	88
家.png	140	141	家	0	71
暇.png	141	142	暇	0	99
果.png	142	143	果	0	72
歌.png	143	144	歌	0	91
河.png	144	145	河	0	59
火.png	145	146	火	0	46
稼.png	146	147	稼	0	83
花.png	147	148	花	0	64
苛.png	148	149	苛	0	65
荷.png	149	14A	荷	0	72
華.png	14A	14B	華	0	82
菓.png	14B	14C	菓	0	78
課.png	14C	14D	課	0	93
嘩.png	14D	14E	嘩	0	92
過.png	14E	14F	過	0	88
我.png	14F	150	我	0	76
画.png	150	151	画	0	98
介.png	151	152	介	0	48
会.png	152	153	会	0	57
解.png	153	154	解	0	94
回.png	154	155	回	0	84
壊.png	155	156	壊	0	92
快.png	156	157	快	0	73
怪.png	157	158	怪	0	76
悔.png	158	159	悔	0	87
懐.png	159	15A	懐	0	96
戒.png	15A	15B	戒	0	76
拐.png	15B	15C	拐	0	77
改.png	15C	15D	改	0	70
械.png	15D	15E	械	0	87
海.png	15E	15F	海	0	79
灰.png	15F	160	灰	0	67
界.png	160	161	界	0	74
皆.png	161	162	皆	0	73
絵.png	162	163	絵	0	79
開.png	163	164	開	0	101
階.png	164	165	階	0	99
外.png	165	166	外	0	61
咳.png	166	167	咳	0	75
害.png	167	168	害	0	66
慨.png	168	169	慨	0	99
概.png	169	16A	概	0	101
涯.png	16A	16B	涯	0	84
街.png	16B	16C	街	0	80
垣.png	16C	16D	垣	0	65
格.png	16D	16E	格	0	80
核.png	16E	16F	核	0	75
獲.png	16F	170	獲	0	88
確.png	170	171	確	0	93
穫.png	171	172	穫	0	87
覚.png	172	173	覚	0	80
角.png	173	174	角	0	70
較.png	174	175	較	0	86
隔.png	175	176	隔	0	99
学.png	176	177	学	0	57
楽.png	177	178	楽	0	78
額.png	178	179	額	0	99
掛.png	179	17A	掛	0	82
潟.png	17A	17B	潟	0	77
割.png	17B	17C	割	0	97
喝.png	17C	17D	喝	0	91
恰.png	17D	17E	恰	0	71
活.png	17E	17F	活	0	63
滑.png	17F	180	滑	0	73
轄.png	180	181	轄	0	90
株.png	181	182	株	0	77
鎌.png	182	183	鎌	0	101
乾.png	183	184	乾	0	79
寒.png	184	185	寒	0	70
勘.png	185	186	勘	0	97
勧.png	186	187	勧	0	93
巻.png	187	188	巻	0	76
堪.png	188	189	堪	0	81
完.png	189	18A	完	0	65
官.png	18A	18B	官	0	62
寛.png	18B	18C	寛	0	75
干.png	18C	18D	干	0	40
幹.png	18D	18E	幹	0	78
患.png	18E	18F	患	0	72
感.png	18F	190	感	0	80
慣.png	190	191	慣	0	94
換.png	191	192	換	0	82
歡.png	192	193	歡	0	86
汗.png	193	194	汗	0	48
漢.png	194	195	漢	0	78
環.png	195	196	環	0	85
甘.png	196	197	甘	0	60
看.png	197	198	看	0	70
管.png	198	199	管	0	72
簡.png	199	19A	簡	0	86
緩.png	19A	19B	緩	0	90
缶.png	19B	19C	缶	0	62
肝.png	19C	19D	肝	0	78
艦.png	19D	19E	艦	0	97
観.png	19E	19F	観	0	98
貫.png	19F	1A0	貫	0	72
間.png	1A0	1A1	間	0	103
閑.png	1A1	1A2	閑	0	102
関.png	1A2	1A3	関	0	106
丸.png	1A3	1A4	丸	0	55
含.png	1A4	1A5	含	0	58
岸.png	1A5	1A6	岸	0	63
玩.png	1A6	1A7	玩	0	64
眼.png	1A7	1A8	眼	0	100
頑.png	1A8	1A9	頑	0	85
顔.png	1A9	1AA	顔	0	99
願.png	1AA	1AB	願	0	98
企.png	1AB	1AC	企	0	59
伎.png	1AC	1AD	伎	0	68
危.png	1AD	1AE	危	0	66
喜.png	1AE	1AF	喜	0	70
器.png	1AF	1B0	器	0	88
基.png	1B0	1B1	基	0	72
奇.png	1B1	1B2	奇	0	63
嬉.png	1B2	1B3	嬉	0	91
寄.png	1B3	1B4	寄	0	74
希.png	1B4	1B5	希	0	68
揮.png	1B5	1B6	揮	0	87
机.png	1B6	1B7	机	0	77
既.png	1B7	1B8	既	0	86
期.png	1B8	1B9	期	0	94
機.png	1B9	1BA	機	0	95
帰.png	1BA	1BB	帰	0	88
気.png	1BB	1BC	気	0	62
汽.png	1BC	1BD	汽	0	53
祈.png	1BD	1BE	祈	0	71
季.png	1BE	1BF	季	0	67
記.png	1BF	1C0	記	0	68
貴.png	1C0	1C1	貴	0	70
起.png	1C1	1C2	起	0	77
輝.png	1C2	1C3	輝	0	100
鬼.png	1C3	1C4	鬼	0	73
偽.png	1C4	1C5	偽	0	78
儀.png	1C5	1C6	儀	0	84
戯.png	1C6	1C7	戯	0	86
技.png	1C7	1C8	技	0	70
欺.png	1C8	1C9	欺	0	83
犠.png	1C9	1CA	犠	0	91
疑.png	1CA	1CB	疑	0	86
義.png	1CB	1CC	義	0	83
議.png	1CC	1CD	議	0	88
吉.png	1CD	1CE	吉	0	54
喫.png	1CE	1CF	喫	0	86
詰.png	1CF	1D0	詰	0	75
却.png	1D0	1D1	却	0	73
客.png	1D1	1D2	客	0	71
逆.png	1D2	1D3	逆	0	70
久.png	1D3	1D4	久	0	42
仇.png	1D4	1D5	仇	0	68
休.png	1D5	1D6	休	0	69
及.png	1D6	1D7	及	0	63
吸.png	1D7	1D8	吸	0	84
宮.png	1D8	1D9	宮	0	68
急.png	1D9	1DA	急	0	67
救.png	1DA	1DB	救	0	79
朽.png	1DB	1DC	朽	0	67
求.png	1DC	1DD	求	0	61
泣.png	1DD	1DE	泣	0	60
究.png	1DE	1DF	究	0	64
級.png	1DF	1E0	級	0	87
旧.png	1E0	1E1	旧	0	72
牛.png	1E1	1E2	牛	0	48
去.png	1E2	1E3	去	0	55
居.png	1E3	1E4	居	0	77
巨.png	1E4	1E5	巨	0	60
拒.png	1E5	1E6	拒	0	73
拠.png	1E6	1E7	拠	0	94
挙.png	1E7	1E8	挙	0	70
許.png	1E8	1E9	許	0	62
距.png	1E9	1EA	距	0	88
魚.png	1EA	1EB	魚	0	70
京.png	1EB	1EC	京	0	55
供.png	1EC	1ED	供	0	71
競.png	1ED	1EE	競	0	94
共.png	1EE	1EF	共	0	54
凶.png	1EF	1F0	凶	0	76
協.png	1F0	1F1	協	0	91
叫.png	1F1	1F2	叫	0	71
境.png	1F2	1F3	境	0	78
強.png	1F3	1F4	強	0	83
怯.png	1F4	1F5	怯	0	72
恐.png	1F5	1F6	恐	0	75
挟.png	1F6	1F7	挟	0	73
教.png	1F7	1F8	教	0	81
橋.png	1F8	1F9	橋	0	93
況.png	1F9	1FA	況	0	71
狭.png	1FA	1FB	狭	0	75
胸.png	1FB	1FC	胸	0	97
脅.png	1FC	1FD	脅	0	71
興.png	1FD	1FE	興	0	75
鏡.png	1FE	1FF	鏡	0	91
響.png	1FF	200	響	0	94
驚.png	200	201	驚	0	88
仰.png	201	202	仰	0	82
業.png	202	203	業	0	78
局.png	203	204	局	0	71
曲.png	204	205	曲	0	89
極.png	205	206	極	0	89
玉.png	206	207	玉	0	52
勤.png	207	208	勤	0	94
禁.png	208	209	禁	0	76
筋.png	209	20A	筋	0	84
緊.png	20A	20B	緊	0	87
近.png	20B	20C	近	0	64
金.png	20C	20D	金	0	60
銀.png	20D	20E	銀	0	87
九.png	20E	20F	九	0	47
句.png	20F	210	句	0	53
区.png	210	211	区	0	65
苦.png	211	212	苦	0	62
駆.png	212	213	駆	0	89
具.png	213	214	具	0	64
愚.png	214	215	愚	0	82
空.png	215	216	空	0	64
偶.png	216	217	偶	0	95
遇.png	217	218	遇	0	85
隅.png	218	219	隅	0	101
屈.png	219	21A	屈	0	81
靴.png	21A	21B	靴	0	98
熊.png	21B	21C	熊	0	88
隈.png	21C	21D	隈	0	99
繰.png	21D	21E	繰	0	95
鍬.png	21E	21F	鍬	0	92
君.png	21F	220	君	0	68
訓.png	220	221	訓	0	93
群.png	221	222	群	0	89
軍.png	222	223	軍	0	74
袈.png	223	224	袈	0	82
係.png	224	225	係	0	68
傾.png	225	226	傾	0	87
刑.png	226	227	刑	0	89
兄.png	227	228	兄	0	60
型.png	228	229	型	0	79
形.png	229	22A	形	0	74
恵.png	22A	22B	恵	0	75
憩.png	22B	22C	憩	0	94
掲.png	22C	22D	掲	0	87
携.png	22D	22E	携	0	85
敬.png	22E	22F	敬	0	86
景.png	22F	230	景	0	75
系.png	230	231	系	0	60
経.png	231	232	経	0	83
維.png	232	233	維	0	90
繋.png	233	234	繋	0	87
計.png	234	235	計	0	61
警.png	235	236	警	0	83
軽.png	236	237	軽	0	92
芸.png	237	238	芸	0	60
迎.png	238	239	迎	0	79
劇.png	239	23A	劇	0	96
撃.png	23A	23B	撃	0	77
激.png	23B	23C	激	0	92
隙.png	23C	23D	隙	0	96
欠.png	23D	23E	欠	0	50
決.png	23E	23F	決	0	64
潔.png	23F	240	潔	0	80
穴.png	240	241	穴	0	44
結.png	241	242	結	0	82
血.png	242	243	血	0	82
月.png	243	244	月	0	57
件.png	244	245	件	0	63
健.png	245	246	健	0	90
兼.png	246	247	兼	0	88
券.png	247	248	券	0	73
剣.png	248	249	剣	0	83
喧.png	249	24A	喧	0	77
堅.png	24A	24B	堅	0	87
嫌.png	24B	24C	嫌	0	104
建.png	24C	24D	建	0	81
懸.png	24D	24E	懸	0	89
検.png	24E	24F	検	0	82
権.png	24F	250	権	0	89
犬.png	250	251	犬	0	50
研.png	251	252	研	0	84
肩.png	252	253	肩	0	80
見.png	253	254	見	0	71
軒.png	254	255	軒	0	78
遣.png	255	256	遣	0	78
鍵.png	256	257	鍵	0	97
険.png	257	258	険	0	90
験.png	258	259	験	0	94
元.png	259	25A	元	0	50
原.png	25A	25B	原	0	80
厳.png	25B	25C	厳	0	93
幻.png	25C	25D	幻	0	62
減.png	25D	25E	減	0	77
源.png	25E	25F	源	0	90
玄.png	25F	260	玄	0	51
現.png	260	261	現	0	82
言.png	261	262	言	0	54
限.png	262	263	限	0	96
個.png	263	264	個	0	99
古.png	264	265	古	0	50
呼.png	265	266	呼	0	73
固.png	266	267	固	0	92
姑.png	267	268	姑	0	79
孤.png	268	269	孤	0	92
己.png	269	26A	己	0	50
戸.png	26A	26B	戸	0	45
故.png	26B	26C	故	0	81
枯.png	26C	26D	枯	0	73
股.png	26D	26E	股	0	92
誇.png	26E	26F	誇	0	73
雇.png	26F	270	雇	0	85
五.png	270	271	五	0	53
互.png	271	272	互	0	55
午.png	272	273	午	0	44
後.png	273	274	後	0	76
御.png	274	275	御	0	96
悟.png	275	276	悟	0	79
語.png	276	277	語	0	84
誤.png	277	278	誤	0	82
護.png	278	279	護	0	91
交.png	279	27A	交	0	56
候.png	27A	27B	候	0	82
光.png	27B	27C	光	0	58
公.png	27C	27D	公	0	44
功.png	27D	27E	功	0	66
効.png	27E	27F	効	0	76
厚.png	27F	280	厚	0	75
口.png	280	281	口	0	54
向.png	281	282	向	0	69
好.png	282	283	好	0	68
孝.png	283	284	孝	0	57
宏.png	284	285	宏	0	62
工.png	285	286	工	0	38
幸.png	286	287	幸	0	62
広.png	287	288	広	0	58
康.png	288	289	康	0	88
弘.png	289	28A	弘	0	66
恒.png	28A	28B	恒	0	79
慌.png	28B	28C	慌	0	82
抗.png	28C	28D	抗	0	72
控.png	28D	28E	控	0	79
攻.png	28E	28F	攻	0	63
更.png	28F	290	更	0	71
校.png	290	291	校	0	74
構.png	291	292	構	0	93
江.png	292	293	江	0	49
浩.png	293	294	浩	0	68
甲.png	294	295	甲	0	62
紅.png	295	296	紅	0	72
絞.png	296	297	絞	0	77
考.png	297	298	考	0	56
肯.png	298	299	肯	0	62
航.png	299	29A	航	0	88
荒.png	29A	29B	荒	0	68
行.png	29B	29C	行	0	52
講.png	29C	29D	講	0	95
閤.png	29D	29E	閤	0	97
降.png	29E	29F	降	0	87
項.png	29F	2A0	項	0	73
香.png	2A0	2A1	香	0	73
高.png	2A1	2A2	高	0	73
剛.png	2A2	2A3	剛	0	110
号.png	2A3	2A4	号	0	53
合.png	2A4	2A5	合	0	50
豪.png	2A5	2A6	豪	0	71
克.png	2A6	2A7	克	0	63
刻.png	2A7	2A8	刻	0	78
告.png	2A8	2A9	告	0	60
国.png	2A9	2AA	国	0	92
酷.png	2AA	2AB	酷	0	101
黒.png	2AB	2AC	黒	0	78
腰.png	2AC	2AD	腰	0	102
忽.png	2AD	2AE	忽	0	69
惚.png	2AE	2AF	惚	0	85
骨.png	2AF	2B0	骨	0	74
込.png	2B0	2B1	込	0	56
頃.png	2B1	2B2	頃	0	79
今.png	2B2	2B3	今	0	42
困.png	2B3	2B4	困	0	90
婚.png	2B4	2B5	婚	0	90
恨.png	2B5	2B6	恨	0	85
根.png	2B6	2B7	根	0	89
棚.png	2B7	2B8	棚	0	100
混.png	2B8	2B9	混	0	82
佐.png	2B9	2BA	佐	0	68
左.png	2BA	2BB	左	0	53
差.png	2BB	2BC	差	0	69
査.png	2BC	2BD	査	0	82
砂.png	2BD	2BE	砂	0	71
詐.png	2BE	2BF	詐	0	70
裟.png	2BF	2C0	裟	0	73
座.png	2C0	2C1	座	0	74
催.png	2C1	2C2	催	0	90
再.png	2C2	2C3	再	0	73
最.png	2C3	2C4	最	0	82
妻.png	2C4	2C5	妻	0	70
彩.png	2C5	2C6	彩	0	63
才.png	2C6	2C7	才	0	45
歳.png	2C7	2C8	歳	0	81
済.png	2C8	2C9	済	0	69
祭.png	2C9	2CA	祭	0	67
斎.png	2CA	2CB	斎	0	83
細.png	2CB	2CC	細	0	103
菜.png	2CC	2CD	菜	0	74
裁.png	2CD	2CE	裁	0	84
載.png	2CE	2CF	載	0	92
際.png	2CF	2D0	際	0	97
在.png	2D0	2D1	在	0	59
材.png	2D1	2D2	材	0	71
罪.png	2D2	2D3	罪	0	82
財.png	2D3	2D4	財	0	82
咲.png	2D4	2D5	咲	0	74
崎.png	2D5	2D6	崎	0	84
作.png	2D6	2D7	作	0	60
削.png	2D7	2D8	削	0	90
昨.png	2D8	2D9	昨	0	73
策.png	2D9	2DA	策	0	75
索.png	2DA	2DB	索	0	69
桜.png	2DB	2DC	桜	0	79
冊.png	2DC	2DD	冊	0	91
察.png	2DD	2DE	察	0	77
拶.png	2DE	2DF	拶	0	77
札.png	2DF	2E0	札	0	63
殺.png	2E0	2E1	殺	0	82
雑.png	2E1	2E2	雑	0	95
皿.png	2E2	2E3	皿	0	86
三.png	2E3	2E4	三	0	30
参.png	2E4	2E5	参	0	63
山.png	2E5	2E6	山	0	60
惨.png	2E6	2E7	惨	0	74
散.png	2E7	2E8	散	0	86
産.png	2E8	2E9	産	0	73
算.png	2E9	2EA	算	0	75
賛.png	2EA	2EB	賛	0	82
残.png	2EB	2EC	残	0	79
仕.png	2EC	2ED	仕	0	57
伺.png	2ED	2EE	伺	0	73
使.png	2EE	2EF	使	0	76
刺.png	2EF	2F0	刺	0	91
司.png	2F0	2F1	司	0	61
史.png	2F1	2F2	史	0	60
四.png	2F2	2F3	四	0	73
士.png	2F3	2F4	士	0	40
始.png	2F4	2F5	始	0	75
姉.png	2F5	2F6	姉	0	91
姿.png	2F6	2F7	姿	0	69
子.png	2F7	2F8	子	0	39
市.png	2F8	2F9	市	0	61
師.png	2F9	2FA	師	0	95
志.png	2FA	2FB	志	0	57
思.png	2FB	2FC	思	0	75
指.png	2FC	2FD	指	0	77
支.png	2FD	2FE	支	0	55
止.png	2FE	2FF	止	0	48
死.png	2FF	300	死	0	69
氏.png	300	301	氏	0	61
祉.png	301	302	祉	0	74
私.png	302	303	私	0	70
糸.png	303	304	糸	0	58
紙.png	304	305	紙	0	84
紫.png	305	306	紫	0	76
肢.png	306	307	肢	0	88
脂.png	307	308	脂	0	93
至.png	308	309	至	0	60
視.png	309	30A	視	0	82
詞.png	30A	30B	詞	0	76
試.png	30B	30C	試	0	75
誌.png	30C	30D	誌	0	70
資.png	30D	30E	資	0	71
飼.png	30E	30F	飼	0	84
事.png	30F	310	事	0	75
似.png	310	311	似	0	74
児.png	311	312	児	0	71
字.png	312	313	字	0	50
寺.png	313	314	寺	0	55
持.png	314	315	持	0	72
時.png	315	316	時	0	75
次.png	316	317	次	0	53
治.png	317	318	治	0	57
磁.png	318	319	磁	0	88
示.png	319	31A	示	0	47
耳.png	31A	31B	耳	0	64
自.png	31B	31C	自	0	60
辞.png	31C	31D	辞	0	79
鹿.png	31D	31E	鹿	0	91
式.png	31E	31F	式	0	59
識.png	31F	320	識	0	100
七.png	320	321	七	0	41
叱.png	321	322	叱	0	65
執.png	322	323	執	0	86
失.png	323	324	失	0	55
嫉.png	324	325	嫉	0	92
室.png	325	326	室	0	70
湿.png	326	327	湿	0	80
漆.png	327	328	漆	0	76
疾.png	328	329	疾	0	73
質.png	329	32A	質	0	75
実.png	32A	32B	実	0	72
芝.png	32B	32C	芝	0	58
舎.png	32C	32D	舎	0	62
写.png	32D	32E	写	0	56
射.png	32E	32F	射	0	80
捨.png	32F	330	捨	0	77
社.png	330	331	社	0	61
者.png	331	332	者	0	67
謝.png	332	333	謝	0	96
車.png	333	334	車	0	74
蛇.png	334	335	蛇	0	86
邪.png	335	336	邪	0	86
借.png	336	337	借	0	77
釈.png	337	338	釈	0	83
若.png	338	339	若	0	66
寂.png	339	33A	寂	0	78
弱.png	33A	33B	弱	0	84
惹.png	33B	33C	惹	0	76
主.png	33C	33D	主	0	50
取.png	33D	33E	取	0	85
守.png	33E	33F	守	0	49
手.png	33F	340	手	0	46
狩.png	340	341	狩	0	70
種.png	341	342	種	0	95
趣.png	342	343	趣	0	100
酒.png	343	344	酒	0	87
首.png	344	345	首	0	66
受.png	345	346	受	0	67
呪.png	346	347	呪	0	83
寿.png	347	348	寿	0	71
授.png	348	349	授	0	83
収.png	349	34A	収	0	79
周.png	34A	34B	周	0	88
就.png	34B	34C	就	0	86
修.png	34C	34D	修	0	81
愁.png	34D	34E	愁	0	82
拾.png	34E	34F	拾	0	71
秀.png	34F	350	秀	0	67
終.png	350	351	終	0	74
習.png	351	352	習	0	79
臭.png	352	353	臭	0	64
襲.png	353	354	襲	0	88
讐.png	354	355	讐	0	86
蹴.png	355	356	蹴	0	103
週.png	356	357	週	0	91
集.png	357	358	集	0	75
住.png	358	359	住	0	63
充.png	359	35A	充	0	61
十.png	35A	35B	十	0	32
従.png	35B	35C	従	0	75
柔.png	35C	35D	柔	0	72
渋.png	35D	35E	渋	0	59
重.png	35E	35F	重	0	78
銃.png	35F	360	銃	0	86
叔.png	360	361	叔	0	75
宿.png	361	362	宿	0	73
祝.png	362	363	祝	0	77
缩.png	363	364	缩	0	93
塾.png	364	365	塾	0	83
熟.png	365	366	熟	0	78
出.png	366	367	出	0	68
術.png	367	368	術	0	84
述.png	368	369	述	0	77
春.png	369	36A	春	0	72
瞬.png	36A	36B	瞬	0	98
準.png	36B	36C	準	0	70
盾.png	36C	36D	盾	0	79
巡.png	36D	36E	巡	0	76
順.png	36E	36F	順	0	105
処.png	36F	370	処	0	76
初.png	370	371	初	0	75
所.png	371	372	所	0	78
緒.png	372	373	緒	0	89
署.png	373	374	署	0	86
書.png	374	375	書	0	76
助.png	375	376	助	0	81
女.png	376	377	女	0	51
除.png	377	378	除	0	90
傷.png	378	379	傷	0	86
償.png	379	37A	償	0	83
勝.png	37A	37B	勝	0	99
商.png	37B	37C	商	0	85
将.png	37C	37D	将	0	72
小.png	37D	37E	小	0	39
少.png	37E	37F	少	0	45
尚.png	37F	380	尚	0	73
床.png	380	381	床	0	68
彰.png	381	382	彰	0	73
承.png	382	383	承	0	71
招.png	383	384	招	0	75
掌.png	384	385	掌	0	68
昇.png	385	386	昇	0	66
沼.png	386	387	沼	0	65
消.png	387	388	消	0	73
渉.png	388	389	渉	0	68
焼.png	389	38A	焼	0	87
焦.png	38A	38B	焦	0	66
照.png	38B	38C	照	0	85
症.png	38C	38D	症	0	72
省.png	38D	38E	省	0	65
称.png	38E	38F	称	0	74
章.png	38F	390	章	0	68
笑.png	390	391	笑	0	66
粧.png	391	392	粧	0	84
肖.png	392	393	肖	0	63
衝.png	393	394	衝	0	92
証.png	394	395	証	0	80
詳.png	395	396	詳	0	75
象.png	396	397	象	0	80
障.png	397	398	障	0	92
上.png	398	399	上	0	36
丈.png	399	39A	丈	0	47
乗.png	39A	39B	乗	0	75
冗.png	39B	39C	冗	0	55
城.png	39C	39D	城	0	88
場.png	39D	39E	場	0	83
嬢.png	39E	39F	嬢	0	94
常.png	39F	3A0	常	0	71
情.png	3A0	3A1	情	0	85
条.png	3A1	3A2	条	0	66
状.png	3A2	3A3	状	0	70
畳.png	3A3	3A4	畳	0	80
譲.png	3A4	3A5	譲	0	92
飾.png	3A5	3A6	飾	0	90
拭.png	3A6	3A7	拭	0	71
織.png	3A7	3A8	織	0	106
職.png	3A8	3A9	職	0	108
色.png	3A9	3AA	色	0	64
触.png	3AA	3AB	触	0	101
食.png	3AB	3AC	食	0	69
伸.png	3AC	3AD	伸	0	79
信.png	3AD	3AE	信	0	63
侵.png	3AE	3AF	侵	0	78
娠.png	3AF	3B0	娠	0	95
寝.png	3B0	3B1	寝	0	79
審.png	3B1	3B2	審	0	84
心.png	3B2	3B3	心	0	39
慎.png	3B3	3B4	慎	0	77
振.png	3B4	3B5	振	0	86
新.png	3B5	3B6	新	0	80
浸.png	3B6	3B7	浸	0	72
深.png	3B7	3B8	深	0	73
申.png	3B8	3B9	申	0	62
真.png	3B9	3BA	真	0	60
神.png	3BA	3BB	神	0	78
臣.png	3BB	3BC	臣	0	70
親.png	3BC	3BD	親	0	95
診.png	3BD	3BE	診	0	62
身.png	3BE	3BF	身	0	67
辛.png	3BF	3C0	辛	0	54
進.png	3C0	3C1	進	0	79
針.png	3C1	3C2	針	0	68
震.png	3C2	3C3	震	0	87
人.png	3C3	3C4	人	0	36
尋.png	3C4	3C5	尋	0	71
尽.png	3C5	3C6	尽	0	58
訊.png	3C6	3C7	訊	0	75
図.png	3C7	3C8	図	0	88
吹.png	3C8	3C9	吹	0	73
垂.png	3C9	3CA	垂	0	69
帥.png	3CA	3CB	帥	0	90
推.png	3CB	3CC	推	0	86
水.png	3CC	3CD	水	0	59
粋.png	3CD	3CE	粋	0	76
衰.png	3CE	3CF	衰	0	74
遂.png	3CF	3D0	遂	0	74
酔.png	3D0	3D1	酔	0	92
随.png	3D1	3D2	随	0	98
数.png	3D2	3D3	数	0	85
杉.png	3D3	3D4	杉	0	59
雀.png	3D4	3D5	雀	0	71
澄.png	3D5	3D6	澄	0	71
世.png	3D6	3D7	世	0	68
瀬.png	3D7	3D8	瀬	0	95
是.png	3D8	3D9	是	0	70
制.png	3D9	3DA	制	0	89
勢.png	3DA	3DB	勢	0	76
姓.png	3DB	3DC	姓	0	79
性.png	3DC	3DD	性	0	72
成.png	3DD	3DE	成	0	74
整.png	3DE	3DF	整	0	85
星.png	3DF	3E0	星	0	72
晴.png	3E0	3E1	晴	0	84
正.png	3E1	3E2	正	0	58
清.png	3E2	3E3	清	0	68
牲.png	3E3	3E4	牲	0	73
生.png	3E4	3E5	生	0	54
盛.png	3E5	3E6	盛	0	80
精.png	3E6	3E7	精	0	85
声.png	3E7	3E8	声	0	58
製.png	3E8	3E9	製	0	90
西.png	3E9	3EA	西	0	74
誠.png	3EA	3EB	誠	0	88
請.png	3EB	3EC	請	0	80
逝.png	3EC	3ED	逝	0	81
青.png	3ED	3EE	青	0	64
静.png	3EE	3EF	静	0	91
斉.png	3EF	3F0	斉	0	64
席.png	3F0	3F1	席	0	81
惜.png	3F1	3F2	惜	0	83
戚.png	3F2	3F3	戚	0	84
昔.png	3F3	3F4	昔	0	66
石.png	3F4	3F5	石	0	57
責.png	3F5	3F6	責	0	66
赤.png	3F6	3F7	赤	0	65
跡.png	3F7	3F8	跡	0	93
切.png	3F8	3F9	切	0	70
接.png	3F9	3FA	接	0	81
折.png	3FA	3FB	折	0	69
設.png	3FB	3FC	設	0	79
節.png	3FC	3FD	節	0	76
説.png	3FD	3FE	説	0	80
絶.png	3FE	3FF	絶	0	83
舌.png	3FF	400	舌	0	54
先.png	400	401	先	0	63
千.png	401	402	千	0	38
宣.png	402	403	宣	0	66
専.png	403	404	専	0	71
川.png	404	405	川	0	60
戦.png	405	406	戦	0	83
浅.png	406	407	浅	0	67
洗.png	407	408	洗	0	69
染.png	408	409	染	0	71
潜.png	409	40A	潜	0	83
線.png	40A	40B	線	0	87
船.png	40B	40C	船	0	87
詮.png	40C	40D	詮	0	70
選.png	40D	40E	選	0	88
鮮.png	40E	40F	鮮	0	90
前.png	40F	410	前	0	75
然.png	410	411	然	0	71
全.png	411	412	全	0	52
狙.png	412	413	狙	0	79
疎.png	413	414	疎	0	88
祖.png	414	415	祖	0	79
粗.png	415	416	粗	0	87
素.png	416	417	素	0	64
組.png	417	418	組	0	87
訴.png	418	419	訴	0	71
創.png	419	41A	創	0	87
倉.png	41A	41B	倉	0	66
喪.png	41B	41C	喪	0	84
奏.png	41C	41D	奏	0	74
爽.png	41D	41E	爽	0	76
層.png	41E	41F	層	0	88
想.png	41F	420	想	0	87
捜.png	420	421	捜	0	87
掃.png	421	422	掃	0	84
掻.png	422	423	掻	0	84
操.png	423	424	操	0	87
早.png	424	425	早	0	60
争.png	425	426	争	0	57
痩.png	426	427	痩	0	86
相.png	427	428	相	0	83
窓.png	428	429	窓	0	73
総.png	429	42A	総	0	81
聡.png	42A	42B	聡	0	85
草.png	42B	42C	草	0	70
葬.png	42C	42D	葬	0	80
装.png	42D	42E	装	0	75
走.png	42E	42F	走	0	60
送.png	42F	430	送	0	66
騒.png	430	431	騒	0	95
像.png	431	432	像	0	82
増.png	432	433	増	0	86
憎.png	433	434	憎	0	92
贈.png	434	435	贈	0	104
造.png	435	436	造	0	70
側.png	436	437	側	0	100
息.png	437	438	息	0	66
束.png	438	439	束	0	70
測.png	439	43A	測	0	97
足.png	43A	43B	足	0	64
速.png	43B	43C	速	0	82
属.png	43C	43D	属	0	92
族.png	43D	43E	族	0	81
続.png	43E	43F	続	0	83
卒.png	43F	440	卒	0	56
揃.png	440	441	揃	0	96
存.png	441	442	存	0	62
孫.png	442	443	孫	0	75
損.png	443	444	損	0	84
村.png	444	445	村	0	64
他.png	445	446	他	0	83
多.png	446	447	多	0	54
太.png	447	448	太	0	50
堕.png	448	449	堕	0	85
妥.png	449	44A	妥	0	59
打.png	44A	44B	打	0	55
駄.png	44B	44C	駄	0	87
体.png	44C	44D	体	0	65
対.png	44D	44E	対	0	57
耐.png	44E	44F	耐	0	87
帯.png	44F	450	帯	0	73
待.png	450	451	待	0	68
態.png	451	452	態	0	90
替.png	452	453	替	0	80
泰.png	453	454	泰	0	78
袋.png	454	455	袋	0	73
貸.png	455	456	貸	0	68
退.png	456	457	退	0	76
逮.png	457	458	逮	0	78
隊.png	458	459	隊	0	89
代.png	459	45A	代	0	59
台.png	45A	45B	台	0	52
大.png	45B	45C	大	0	46
第.png	45C	45D	第	0	85
題.png	45D	45E	題	0	104
滝.png	45E	45F	滝	0	78
卓.png	45F	460	卓	0	64
宅.png	460	461	宅	0	55
択.png	461	462	択	0	75
拓.png	462	463	拓	0	73
沢.png	463	464	沢	0	62
琢.png	464	465	琢	0	73
託.png	465	466	託	0	69
叩.png	466	467	叩	0	77
達.png	467	468	達	0	72
奪.png	468	469	奪	0	69
脱.png	469	46A	脱	0	97
辿.png	46A	46B	辿	0	76
棚_2.png	46B	46C	棚	0	118
谷.png	46C	46D	谷	0	56
誰.png	46D	46E	誰	0	85
丹.png	46E	46F	丹	0	62
単.png	46F	470	単	0	72
担.png	470	471	担	0	71
探.png	471	472	探	0	86
旦.png	472	473	旦	0	52
淡.png	473	474	淡	0	66
短.png	474	475	短	0	74
端.png	475	476	端	0	98
胆.png	476	477	胆	0	87
誕.png	477	478	誕	0	85
断.png	478	479	断	0	85
段.png	479	47A	段	0	71
男.png	47A	47B	男	0	74
談.png	47B	47C	談	0	78
値.png	47C	47D	値	0	84
知.png	47D	47E	知	0	71
地.png	47E	47F	地	0	80
恥.png	47F	480	恥	0	74
智.png	480	481	智	0	77
池.png	481	482	池	0	75
痴.png	482	483	痴	0	93
置.png	483	484	置	0	86
致.png	484	485	致	0	78
遅.png	485	486	遅	0	81
馳.png	486	487	馳	0	99
築.png	487	488	築	0	81
竹.png	488	489	竹	0	60
蓄.png	489	48A	蓄	0	82
茶.png	48A	48B	茶	0	62
着.png	48B	48C	着	0	75
中.png	48C	48D	中	0	54
仲.png	48D	48E	仲	0	69
忠.png	48E	48F	忠	0	63
抽.png	48F	490	抽	0	90
昼.png	490	491	昼	0	78
柱.png	491	492	柱	0	69
注.png	492	493	注	0	56
虫.png	493	494	虫	0	64
駐.png	494	495	駐	0	81
丁.png	495	496	丁	0	31
喋.png	496	497	喋	0	89
帳.png	497	498	帳	0	94
庁.png	498	499	庁	0	51
張.png	499	49A	張	0	80
徴.png	49A	49B	徴	0	92
挑.png	49B	49C	挑	0	87
朝.png	49C	49D	朝	0	97
町.png	49D	49E	町	0	73
眺.png	49E	49F	眺	0	92
聴.png	49F	4A0	聴	0	95
腸.png	4A0	4A1	腸	0	102
蝶.png	4A1	4A2	蝶	0	98
調.png	4A2	4A3	調	0	101
超.png	4A3	4A4	超	0	83
跳.png	4A4	4A5	跳	0	99
長.png	4A5	4A6	長	0	69
頂.png	4A6	4A7	頂	0	83
鳥.png	4A7	4A8	鳥	0	69
直.png	4A8	4A9	直	0	73
沈.png	4A9	4AA	沈	0	62
珍.png	4AA	4AB	珍	0	65
津.png	4AB	4AC	津	0	71
追.png	4AC	4AD	追	0	74
痛.png	4AD	4AE	痛	0	91
通.png	4AE	4AF	通	0	84
塚.png	4AF	4B0	塚	0	75
掴.png	4B0	4B1	掴	0	97
潰.png	4B1	4B2	潰	0	77
吊.png	4B2	4B3	吊	0	63
釣.png	4B3	4B4	釣	0	76
低.png	4B4	4B5	低	0	77
停.png	4B5	4B6	停	0	68
偵.png	4B6	4B7	偵	0	72
定.png	4B7	4B8	定	0	61
底.png	4B8	4B9	底	0	77
庭.png	4B9	4BA	庭	0	80
弟.png	4BA	4BB	弟	0	72
抵.png	4BB	4BC	抵	0	79
提.png	4BC	4BD	提	0	83
程.png	4BD	4BE	程	0	83
締.png	4BE	4BF	締	0	89
艇.png	4BF	4C0	艇	0	97
諦.png	4C0	4C1	諦	0	86
邸.png	4C1	4C2	邸	0	83
釘.png	4C2	4C3	釘	0	68
泥.png	4C3	4C4	泥	0	77
敵.png	4C4	4C5	敵	0	96
的.png	4C5	4C6	的	0	72
適.png	4C6	4C7	適	0	88
溺.png	4C7	4C8	溺	0	82
哲.png	4C8	4C9	哲	0	70
徹.png	4C9	4CA	徹	0	102
鉄.png	4CA	4CB	鉄	0	78
典.png	4CB	4CC	典	0	72
天.png	4CC	4CD	天	0	48
展.png	4CD	4CE	展	0	88
店.png	4CE	4CF	店	0	66
貼.png	4CF	4D0	貼	0	83
転.png	4D0	4D1	転	0	83
点.png	4D1	4D2	点	0	52
伝.png	4D2	4D3	伝	0	62
田.png	4D3	4D4	田	0	75
電.png	4D4	4D5	電	0	89
兎.png	4D5	4D6	兎	0	68
吐.png	4D6	4D7	吐	0	63
堵.png	4D7	4D8	堵	0	80
塗.png	4D8	4D9	塗	0	68
妬.png	4D9	4DA	妬	0	80
徒.png	4DA	4DB	徒	0	72
渡.png	4DB	4DC	渡	0	81
登.png	4DC	4DD	登	0	74
賭.png	4DD	4DE	賭	0	98
途.png	4DE	4DF	途	0	73
都.png	4DF	4E0	都	0	92
努.png	4E0	4E1	努	0	72
度.png	4E1	4E2	度	0	77
土.png	4E2	4E3	土	0	40
奴.png	4E3	4E4	奴	0	78
怒.png	4E4	4E5	怒	0	73
倒.png	4E5	4E6	倒	0	90
党.png	4E6	4E7	党	0	72
冬.png	4E7	4E8	冬	0	47
凍.png	4E8	4E9	凍	0	77
刀.png	4E9	4EA	刀	0	48
唐.png	4EA	4EB	唐	0	82
島.png	4EB	4EC	島	0	68
東.png	4EC	4ED	東	0	72
盗.png	4ED	4EE	盗	0	74
灯.png	4EE	4EF	灯	0	61
当.png	4EF	4F0	当	0	58
等.png	4F0	4F1	等	0	68
答.png	4F1	4F2	答	0	69
筒.png	4F2	4F3	筒	0	84
糖.png	4F3	4F4	糖	0	96
統.png	4F4	4F5	統	0	86
到.png	4F5	4F6	到	0	78
藤.png	4F6	4F7	藤	0	95
豆.png	4F7	4F8	豆	0	60
踏.png	4F8	4F9	踏	0	95
逃.png	4F9	4FA	逃	0	82
頭.png	4FA	4FB	頭	0	93
闘.png	4FB	4FC	闘	0	105
働.png	4FC	4FD	働	0	102
動.png	4FD	4FE	動	0	92
同.png	4FE	4FF	同	0	81
堂.png	4FF	500	堂	0	74
導.png	500	501	導	0	73
洞.png	501	502	洞	0	85
童.png	502	503	童	0	72
道.png	503	504	道	0	74
得.png	504	505	得	0	75
徳.png	505	506	徳	0	82
特.png	506	507	特	0	75
毒.png	507	508	毒	0	72
独.png	508	509	独	0	82
読.png	509	50A	読	0	77
突.png	50A	50B	突	0	68
届.png	50B	50C	届	0	91
頓.png	50C	50D	頓	0	92
曇.png	50D	50E	曇	0	76
鈍.png	50E	50F	鈍	0	83
奈.png	50F	510	奈	0	67
那.png	510	511	那	0	94
内.png	511	512	内	0	65
謎.png	512	513	謎	0	89
馴.png	513	514	馴	0	109
縄.png	514	515	縄	0	99
南.png	515	516	南	0	81
難.png	516	517	難	0	103
二.png	517	518	二	0	22
匂.png	518	519	匂	0	59
賑.png	519	51A	賑	0	104
肉.png	51A	51B	肉	0	75
日.png	51B	51C	日	0	59
乳.png	51C	51D	乳	0	68
入.png	51D	51E	入	0	39
任.png	51E	51F	任	0	62
妊.png	51F	520	妊	0	72
忍.png	520	521	忍	0	63
認.png	521	522	認	0	79
寧.png	522	523	寧	0	73
猫.png	523	524	猫	0	93
熱.png	524	525	熱	0	80
年.png	525	526	年	0	54
念.png	526	527	念	0	59
粘.png	527	528	粘	0	79
之.png	528	529	之	0	41
悩.png	529	52A	悩	0	89
納.png	52A	52B	納	0	86
能.png	52B	52C	能	0	80
脳.png	52C	52D	脳	0	102
農.png	52D	52E	農	0	87
把.png	52E	52F	把	0	78
波.png	52F	530	波	0	74
派.png	530	531	派	0	80
破.png	531	532	破	0	94
馬.png	532	533	馬	0	74
廃.png	533	534	廃	0	85
拝.png	534	535	拝	0	69
排.png	535	536	排	0	83
敗.png	536	537	敗	0	84
杯.png	537	538	杯	0	66
背.png	538	539	背	0	71
肺.png	539	53A	肺	0	94
輩.png	53A	53B	輩	0	80
配.png	53B	53C	配	0	90
買.png	53C	53D	買	0	71
売.png	53D	53E	売	0	63
這.png	53E	53F	這	0	66
剥.png	53F	540	剥	0	87
博.png	540	541	博	0	85
泊.png	541	542	泊	0	65
白.png	542	543	白	0	58
薄.png	543	544	薄	0	76
迫.png	544	545	迫	0	68
爆.png	545	546	爆	0	93
箱.png	546	547	箱	0	88
肌.png	547	548	肌	0	91
八.png	548	549	八	0	42
発.png	549	54A	発	0	81
髪.png	54A	54B	髪	0	80
罰.png	54B	54C	罰	0	83
抜.png	54C	54D	抜	0	74
閥.png	54D	54E	閥	0	105
鳩.png	54E	54F	鳩	0	81
隼.png	54F	550	隼	0	64
伴.png	550	551	伴	0	66
判.png	551	552	判	0	77
半.png	552	553	半	0	48
反.png	553	554	反	0	69
板.png	554	555	板	0	89
犯.png	555	556	犯	0	73
繁.png	556	557	繁	0	89
般.png	557	558	般	0	89
販.png	558	559	販	0	97
範.png	559	55A	範	0	93
飯.png	55A	55B	飯	0	94
挽.png	55B	55C	挽	0	87
晩.png	55C	55D	晩	0	92
番.png	55D	55E	番	0	81
卑.png	55E	55F	卑	0	68
否.png	55F	560	否	0	64
彼.png	560	561	彼	0	86
悲.png	561	562	悲	0	78
扉.png	562	563	扉	0	86
披.png	563	564	披	0	86
斐.png	564	565	斐	0	77
比.png	565	566	比	0	63
疲.png	566	567	疲	0	88
皮.png	567	568	皮	0	71
秘.png	568	569	秘	0	81
被.png	569	56A	被	0	87
費.png	56A	56B	費	0	78
避.png	56B	56C	避	0	95
非.png	56C	56D	非	0	64
飛.png	56D	56E	飛	0	82
備.png	56E	56F	備	0	97
尾.png	56F	570	尾	0	78
微.png	570	571	微	0	93
眉.png	571	572	眉	0	86
美.png	572	573	美	0	68
鼻.png	573	574	鼻	0	72
匹.png	574	575	匹	0	65
彦.png	575	576	彦	0	71
必.png	576	577	必	0	56
百.png	577	578	百	0	66
標.png	578	579	標	0	92
漂.png	579	57A	漂	0	78
表.png	57A	57B	表	0	69
評.png	57B	57C	評	0	68
豹.png	57C	57D	豹	0	70
描.png	57D	57E	描	0	92
病.png	57E	57F	病	0	80
品.png	57F	580	品	0	72
浜.png	580	581	浜	0	61
貧.png	581	582	貧	0	65
頻.png	582	583	頻	0	96
敏.png	583	584	敏	0	96
不.png	584	585	不	0	45
付.png	585	586	付	0	57
夫.png	586	587	夫	0	50
婦.png	587	588	婦	0	91
怖.png	588	589	怖	0	81
敷.png	589	58A	敷	0	94
普.png	58A	58B	普	0	70
浮.png	58B	58C	浮	0	57
父.png	58C	58D	父	0	46
腐.png	58D	58E	腐	0	90
負.png	58E	58F	負	0	62
武.png	58F	590	武	0	67
舞.png	590	591	舞	0	90
部.png	591	592	部	0	86
封.png	592	593	封	0	68
風.png	593	594	風	0	86
伏.png	594	595	伏	0	67
復.png	595	596	復	0	77
幅.png	596	597	幅	0	95
服.png	597	598	服	0	103
福.png	598	599	福	0	87
腹.png	599	59A	腹	0	93
複.png	59A	59B	複	0	79
覆.png	59B	59C	覆	0	90
払.png	59C	59D	払	0	62
仏.png	59D	59E	仏	0	57
物.png	59E	59F	物	0	86
分.png	59F	5A0	分	0	49
憤.png	5A0	5A1	憤	0	87
奮.png	5A1	5A2	奮	0	79
粉.png	5A2	5A3	粉	0	82
紛.png	5A3	5A4	紛	0	83
雰.png	5A4	5A5	雰	0	72
文.png	5A5	5A6	文	0	50
聞.png	5A6	5A7	聞	0	112
併.png	5A7	5A8	併	0	75
塀.png	5A8	5A9	塀	0	89
平.png	5A9	5AA	平	0	48
柄.png	5AA	5AB	柄	0	86
並.png	5AB	5AC	並	0	68
閉.png	5AC	5AD	閉	0	100
米.png	5AD	5AE	米	0	58
壁.png	5AE	5AF	壁	0	87
癖.png	5AF	5B0	癖	0	95
別.png	5B0	5B1	別	0	83
偏.png	5B1	5B2	偏	0	93
変.png	5B2	5B3	変	0	69
片.png	5B3	5B4	片	0	50
編.png	5B4	5B5	編	0	101
辺.png	5B5	5B6	辺	0	67
返.png	5B6	5B7	返	0	72
便.png	5B7	5B8	便	0	86
勉.png	5B8	5B9	勉	0	94
弁.png	5B9	5BA	弁	0	56
鞭.png	5BA	5BB	鞭	0	104
保.png	5BB	5BC	保	0	73
捕.png	5BC	5BD	捕	0	92
歩.png	5BD	5BE	歩	0	55
補.png	5BE	5BF	補	0	96
募.png	5BF	5C0	募	0	78
慕.png	5C0	5C1	慕	0	79
暮.png	5C1	5C2	暮	0	76
母.png	5C2	5C3	母	0	70
簿.png	5C3	5C4	簿	0	82
包.png	5C4	5C5	包	0	59
呆.png	5C5	5C6	呆	0	62
報.png	5C6	5C7	報	0	99
宝.png	5C7	5C8	宝	0	60
崩.png	5C8	5C9	崩	0	87
抱.png	5C9	5CA	抱	0	75
放.png	5CA	5CB	放	0	77
方.png	5CB	5CC	方	0	47
法.png	5CC	5CD	法	0	62
泡.png	5CD	5CE	泡	0	70
褒.png	5CE	5CF	褒	0	76
訪.png	5CF	5D0	訪	0	74
豊.png	5D0	5D1	豊	0	84
飽.png	5D1	5D2	飽	0	86
乏.png	5D2	5D3	乏	0	52
亡.png	5D3	5D4	亡	0	38
坊.png	5D4	5D5	坊	0	66
帽.png	5D5	5D6	帽	0	99
忘.png	5D6	5D7	忘	0	58
忙.png	5D7	5D8	忙	0	60
房.png	5D8	5D9	房	0	77
暴.png	5D9	5DA	暴	0	79
望.png	5DA	5DB	望	0	80
某.png	5DB	5DC	某	0	70
棒.png	5DC	5DD	棒	0	84
冒.png	5DD	5DE	冒	0	80
膨.png	5DE	5DF	膨	0	93
謀.png	5DF	5E0	謀	0	86
防.png	5E0	5E1	防	0	81
吠.png	5E1	5E2	吠	0	71
北.png	5E2	5E3	北	0	63
僕.png	5E3	5E4	僕	0	86
睦.png	5E4	5E5	睦	0	87
勃.png	5E5	5E6	勃	0	81
没.png	5E6	5E7	没	0	64
本.png	5E7	5E8	本	0	54
凡.png	5E8	5E9	凡	0	58
磨.png	5E9	5EA	磨	0	93
魔.png	5EA	5EB	魔	0	100
麻.png	5EB	5EC	麻	0	86
埋.png	5EC	5ED	埋	0	79
妹.png	5ED	5EE	妹	0	78
昧.png	5EE	5EF	昧	0	76
枚.png	5EF	5F0	枚	0	72
毎.png	5F0	5F1	毎	0	74
幕.png	5F1	5F2	幕	0	83
又.png	5F2	5F3	又	0	47
末.png	5F3	5F4	末	0	58
万.png	5F4	5F5	万	0	46
慢.png	5F5	5F6	慢	0	91
満.png	5F6	5F7	満	0	84
漫.png	5F7	5F8	漫	0	78
味.png	5F8	5F9	味	0	71
未.png	5F9	5FA	未	0	56
魅.png	5FA	5FB	魅	0	98
密.png	5FB	5FC	密	0	75
脈.png	5FC	5FD	脈	0	104
妙.png	5FD	5FE	妙	0	71
民.png	5FE	5FF	民	0	71
眠.png	5FF	600	眠	0	92
務.png	600	601	務	0	84
夢.png	601	602	夢	0	80
無.png	602	603	無	0	86
矛.png	603	604	矛	0	54
娘.png	604	605	娘	0	91
名.png	605	606	名	0	59
命.png	606	607	命	0	62
明.png	607	608	明	0	86
迷.png	608	609	迷	0	72
鳴.png	609	60A	鳴	0	86
滅.png	60A	60B	滅	0	83
免.png	60B	60C	免	0	69
面.png	60C	60D	面	0	92
模.png	60D	60E	模	0	86
茂.png	60E	60F	茂	0	70
妄.png	60F	610	妄	0	59
毛.png	610	611	毛	0	55
盲.png	611	612	盲	0	58
網.png	612	613	網	0	100
儲.png	613	614	儲	0	94
木.png	614	615	木	0	50
黙.png	615	616	黙	0	84
目.png	616	617	目	0	64
戻.png	617	618	戻	0	73
貰.png	618	619	貰	0	69
問.png	619	61A	問	0	93
紋.png	61A	61B	紋	0	83
門.png	61B	61C	門	0	77
也.png	61C	61D	也	0	69
夜.png	61D	61E	夜	0	72
野.png	61E	61F	野	0	87
矢.png	61F	620	矢	0	52
厄.png	620	621	厄	0	69
役.png	621	622	役	0	73
約.png	622	623	約	0	73
薬.png	623	624	薬	0	84
訳.png	624	625	訳	0	82
躍.png	625	626	躍	0	106
油.png	626	627	油	0	80
癒.png	627	628	癒	0	92
唯.png	628	629	唯	0	85
優.png	629	62A	優	0	94
勇.png	62A	62B	勇	0	73
友.png	62B	62C	友	0	59
幽.png	62C	62D	幽	0	98
悠.png	62D	62E	悠	0	80
有.png	62E	62F	有	0	64
湧.png	62F	630	湧	0	80
由.png	630	631	由	0	73
裕.png	631	632	裕	0	72
誘.png	632	633	誘	0	84
遊.png	633	634	遊	0	82
夕.png	634	635	夕	0	42
予.png	635	636	予	0	46
余.png	636	637	余	0	61
与.png	637	638	与	0	46
預.png	638	639	預	0	87
幼.png	639	63A	幼	0	74
容.png	63A	63B	容	0	68
揺.png	63B	63C	揺	0	81
様.png	63C	63D	様	0	87
洋.png	63D	63E	洋	0	60
用.png	63E	63F	用	0	83
葉.png	63F	640	葉	0	84
要.png	640	641	要	0	82
陽.png	641	642	陽	0	99
養.png	642	643	養	0	79
抑.png	643	644	抑	0	85
欲.png	644	645	欲	0	78
浴.png	645	646	浴	0	61
淀.png	646	647	淀	0	65
来.png	647	648	来	0	64
頼.png	648	649	頼	0	97
絡.png	649	64A	絡	0	83
落.png	64A	64B	落	0	72
乱.png	64B	64C	乱	0	69
嵐.png	64C	64D	嵐	0	90
覧.png	64D	64E	覧	0	87
利.png	64E	64F	利	0	73
履.png	64F	650	履	0	95
理.png	650	651	理	0	81
裏.png	651	652	裏	0	80
離.png	652	653	離	0	106
律.png	653	654	律	0	73
率.png	654	655	率	0	60
立.png	655	656	立	0	52
略.png	656	657	略	0	92
流.png	657	658	流	0	72
溜.png	658	659	溜	0	81
留.png	659	65A	留	0	76
隆.png	65A	65B	隆	0	90
慮.png	65B	65C	慮	0	82
旅.png	65C	65D	旅	0	82
了.png	65D	65E	了	0	30
僚.png	65E	65F	僚	0	80
両.png	65F	660	両	0	83
料.png	660	661	料	0	75
療.png	661	662	療	0	83
良.png	662	663	良	0	65
量.png	663	664	量	0	78
領.png	664	665	領	0	88
力.png	665	666	力	0	48
緑.png	666	667	緑	0	85
林.png	667	668	林	0	75
臨.png	668	669	臨	0	99
輪.png	669	66A	輪	0	96
隣.png	66A	66B	隣	0	99
涙.png	66B	66C	涙	0	75
類.png	66C	66D	類	0	94
令.png	66D	66E	令	0	51
例.png	66E	66F	例	0	90
冷.png	66F	670	冷	0	58
励.png	670	671	励	0	96
礼.png	671	672	礼	0	60
鈴.png	672	673	鈴	0	80
霊.png	673	674	霊	0	84
麗.png	674	675	麗	0	96
齢.png	675	676	齢	0	93
歴.png	676	677	歴	0	92
列.png	677	678	列	0	73
裂.png	678	679	裂	0	80
恋.png	679	67A	恋	0	70
練.png	67A	67B	練	0	92
連.png	67B	67C	連	0	78
錬.png	67C	67D	錬	0	92
路.png	67D	67E	路	0	89
露.png	67E	67F	露	0	92
労.png	67F	680	労	0	60
廊.png	680	681	廊	0	96
朗.png	681	682	朗	0	95
漏.png	682	683	漏	0	90
狼.png	683	684	狼	0	82
郎.png	684	685	郎	0	84
六.png	685	686	六	0	40
録.png	686	687	録	0	87
論.png	687	688	論	0	90
和.png	688	689	和	0	73
話.png	689	68A	話	0	79
惑.png	68A	68B	惑	0	76
詫.png	68B	68C	詫	0	75
腕.png	68C	68D	腕	0	98
儚.png	68D	68E	儚	0	86
凛.png	68E	68F	凛	0	76
几.png	68F	690	几	0	50
呻.png	690	691	呻	0	83
嘲.png	691	692	嘲	0	106
噪.png	692	693	噪	0	90
墟.png	693	694	墟	0	92
屁.png	694	695	屁	0	81
彷.png	695	696	彷	0	65
徊.png	696	697	徊	0	87
徘.png	697	698	徘	0	79
徨.png	698	699	徨	0	79
憑.png	699	69A	憑	0	75
曖.png	69A	69B	曖	0	87
渾.png	69B	69C	渾	0	72
澤.png	69C	69D	澤	0	78
炸.png	69D	69E	炸	0	67
煌.png	69E	69F	煌	0	81
璧.png	69F	6A0	璧	0	82
睨.png	6A0	6A1	睨	0	89
祓.png	6A1	6A2	祓	0	89
紆.png	6A2	6A3	紆	0	72
綺.png	6A3	6A4	綺	0	80
訃.png	6A4	6A5	訃	0	61
訝.png	6A5	6A6	訝	0	77
踪.png	6A6	6A7	踪	0	85
頷.png	6A7	6A8	頷	0	94
这（新）.png	6A8	6A9	这	1	59
吧（新）.png	6A9	6AA	吧	1	86
啊（新）.png	6AA	6AB	啊	1	83
么（新）.png	6AB	6AC	么	1	44
里（新）.png	6AC	6AD	里	1	65
说（新）.png	6AD	6AE	说	1	66
…（新）.png	6AE	6AF	…	1	6
呢（新）.png	6AF	6B0	呢	1	82
样（新）.png	6B0	6B1	样	1	69
们（新）.png	6B1	6B2	们	1	56
还（新）.png	6B2	6B3	还	1	60
个（新）.png	6B3	6B4	个	1	34
吗（新）.png	6B4	6B5	吗	1	72
过（新）.png	6B5	6B6	过	1	54
烟（新）.png	6B6	6B7	烟	1	91
什（新）.png	6B7	6B8	什	1	53
找（新）.png	6B8	6B9	找	1	68
时（新）.png	6B9	6BA	时	1	58
现（新）.png	6BA	6BB	现	1	91
嗯（新）.png	6BB	6BC	嗯	1	79
话（新）.png	6BC	6BD	话	1	60
她（新）.png	6BD	6BE	她	1	82
经（新）.png	6BE	6BF	经	1	65
已（新）.png	6BF	6C0	已	1	53
你（新）.png	6C0	6C1	你	1	77
对（新）.png	6C1	6C2	对	1	59
总（新）.png	6C2	6C3	总	1	60
为（新）.png	6C3	6C4	为	1	62
该（新）.png	6C4	6C5	该	1	67
您（新）.png	6C5	6C6	您	1	69
姐（新）.png	6C6	6C7	姐	1	88
孩（新）.png	6C7	6C8	孩	1	73
别（新）.png	6C8	6C9	别	1	87
听（新）.png	6C9	6CA	听	1	65
很（新）.png	6CA	6CB	很	1	81
让（新）.png	6CB	6CC	让	1	51
实（新）.png	6CC	6CD	实	1	55
查（新）.png	6CD	6CE	查	1	71
种（新）.png	6CE	6CF	种	1	65
觉（新）.png	6CF	6D0	觉	1	72
怎（新）.png	6D0	6D1	怎	1	59
从（新）.png	6D1	6D2	从	1	56
间（新）.png	6D2	6D3	间	1	78
托（新）.png	6D3	6D4	托	1	65
如（新）.png	6D4	6D5	如	1	74
盒（新）.png	6D5	6D6	盒	1	74
见（新）.png	6D6	6D7	见	1	73
园（新）.png	6D7	6D8	园	1	87
动（新）.png	6D8	6D9	动	1	69
东（新）.png	6D9	6DA	东	1	49
于（新）.png	6DA	6DB	于	1	39
开（新）.png	6DB	6DC	开	1	55
务（新）.png	6DC	6DD	务	1	58
请（新）.png	6DD	6DE	请	1	71
无（新）.png	6DE	6DF	无	1	51
关（新）.png	6DF	6E0	关	1	46
只（新）.png	6E0	6E1	只	1	52
调（新）.png	6E1	6E2	调	1	77
些（新）.png	6E2	6E3	些	1	64
竟（新）.png	6E3	6E4	竟	1	75
记（新）.png	6E4	6E5	记	1	61
给（新）.png	6E5	6E6	给	1	73
怀（新）.png	6E6	6E7	怀	1	66
问（新）.png	6E7	6E8	问	1	73
乎（新）.png	6E8	6E9	乎	1	49
后（新）.png	6E9	6EA	后	1	62
进（新）.png	6EA	6EB	进	1	68
确（新）.png	6EB	6EC	确	1	78
儿（新）.png	6EC	6ED	儿	1	57
办（新）.png	6ED	6EE	办	1	64
哦（新）.png	6EE	6EF	哦	1	92
做（新）.png	6EF	6F0	做	1	87
附（新）.png	6F0	6F1	附	1	89
虽（新）.png	6F1	6F2	虽	1	63
应（新）.png	6F2	6F3	应	1	72
两（新）.png	6F3	6F4	两	1	80
护（新）.png	6F4	6F5	护	1	57
带（新）.png	6F5	6F6	带	1	63
但（新）.png	6F6	6F7	但	1	69
哪（新）.png	6F7	6F8	哪	1	84
符（新）.png	6F8	6F9	符	1	64
呵（新）.png	6F9	6FA	呵	1	66
而（新）.png	6FA	6FB	而	1	73
遗（新）.png	6FB	6FC	遗	1	83
此（新）.png	6FC	6FD	此	1	71
其（新）.png	6FD	6FE	其	1	68
试（新）.png	6FE	6FF	试	1	67
边（新）.png	6FF	700	边	1	62
报（新）.png	700	701	报	1	80
发（新）.png	701	702	发	1	61
处（新）.png	702	703	处	1	61
并（新）.png	703	704	并	1	53
谢（新）.png	704	705	谢	1	80
难（新）.png	705	706	难	1	69
据（新）.png	706	707	据	1	85
许（新）.png	707	708	许	1	54
且（新）.png	708	709	且	1	60
侧（新）.png	709	70A	侧	1	90
变（新）.png	70A	70B	变	1	63
录（新）.png	70B	70C	录	1	59
气（新）.png	70C	70D	气	1	47
较（新）.png	70D	70E	较	1	74
册（新）.png	70E	70F	册	1	92
老（新）.png	70F	710	老	1	53
匙（新）.png	710	711	匙	1	80
钥（新）.png	711	712	钥	1	80
连（新）.png	712	713	连	1	61
扣（新）.png	713	714	扣	1	59
决（新）.png	714	715	决	1	61
够（新）.png	715	716	够	1	83
侦（新）.png	716	717	侦	1	75
刚（新）.png	717	718	刚	1	101
浪（新）.png	718	719	浪	1	72
暂（新）.png	719	71A	暂	1	71
业（新）.png	71A	71B	业	1	66
买（新）.png	71B	71C	买	1	56
错（新）.png	71C	71D	错	1	82
份（新）.png	71D	71E	份	1	71
围（新）.png	71E	71F	围	1	91
认（新）.png	71F	720	认	1	52
汉（新）.png	720	721	汉	1	63
紧（新）.png	721	722	紧	1	76
联（新）.png	722	723	联	1	82
稍（新）.png	723	724	稍	1	68
电（新）.png	724	725	电	1	65
黑（新）.png	725	726	黑	1	83
头（新）.png	726	727	头	1	50
拿（新）.png	727	728	拿	1	73
场（新）.png	728	729	场	1	72
证（新）.png	729	72A	证	1	66
捡（新）.png	72A	72B	捡	1	63
跟（新）.png	72B	72C	跟	1	87
假（新）.png	72C	72D	假	1	88
书（新）.png	72D	72E	书	1	53
结（新）.png	72E	72F	结	1	61
贴（新）.png	72F	730	贴	1	82
线（新）.png	730	731	线	1	76
况（新）.png	731	732	况	1	73
各（新）.png	732	733	各	1	60
赶（新）.png	733	734	赶	1	65
掉（新）.png	734	735	掉	1	74
续（新）.png	735	736	续	1	76
递（新）.png	736	737	递	1	70
毫（新）.png	737	738	毫	1	84
标（新）.png	738	739	标	1	72
货（新）.png	739	73A	货	1	64
怕（新）.png	73A	73B	怕	1	73
哈（新）.png	73B	73C	哈	1	70
选（新）.png	73C	73D	选	1	71
伤（新）.png	73D	73E	伤	1	66
继（新）.png	73E	73F	继	1	77
职（新）.png	73F	740	职	1	83
桥（新）.png	740	741	桥	1	79
击（新）.png	741	742	击	1	47
歉（新）.png	742	743	歉	1	88
巷（新）.png	743	744	巷	1	70
灵（新）.png	744	745	灵	1	63
它（新）.png	745	746	它	1	51
愧（新）.png	746	747	愧	1	87
晚（新）.png	747	748	晚	1	83
售（新）.png	748	749	售	1	71
步（新）.png	749	74A	步	1	46
剧（新）.png	74A	74B	剧	1	93
衣（新）.png	74B	74C	衣	1	56
项（新）.png	74C	74D	项	1	73
或（新）.png	74D	74E	或	1	76
翻（新）.png	74E	74F	翻	1	94
转（新）.png	74F	750	转	1	61
顾（新）.png	750	751	顾	1	87
离（新）.png	751	752	离	1	73
帮（新）.png	752	753	帮	1	76
卡（新）.png	753	754	卡	1	39
唔（新）.png	754	755	唔	1	77
弄（新）.png	755	756	弄	1	62
图（新）.png	756	757	图	1	89
收（新）.png	757	758	收	1	60
站（新）.png	758	759	站	1	67
绝（新）.png	759	75A	绝	1	78
拍（新）.png	75A	75B	拍	1	77
跑（新）.png	75B	75C	跑	1	86
载（新）.png	75C	75D	载	1	77
顺（新）.png	75D	75E	顺	1	92
呀（新）.png	75E	75F	呀	1	74
题（新）.png	75F	760	题	1	88
谁（新）.png	760	761	谁	1	79
拜（新）.png	761	762	拜	1	68
楚（新）.png	762	763	楚	1	74
亲（新）.png	763	764	亲	1	56
愿（新）.png	764	765	愿	1	81
趟（新）.png	765	766	趟	1	83
弃（新）.png	766	767	弃	1	56
谈（新）.png	767	768	谈	1	76
伙（新）.png	768	769	伙	1	69
门（新）.png	769	76A	门	1	49
则（新）.png	76A	76B	则	1	95
脑（新）.png	76B	76C	脑	1	92
呜（新）.png	76C	76D	呜	1	78
寓（新）.png	76D	76E	寓	1	70
马（新）.png	76E	76F	马	1	55
细（新）.png	76F	770	细	1	87
类（新）.png	770	771	类	1	59
寻（新）.png	771	772	寻	1	60
滋（新）.png	772	773	滋	1	73
传（新）.png	773	774	传	1	64
须（新）.png	774	775	须	1	75
红（新）.png	775	776	红	1	57
嘛（新）.png	776	777	嘛	1	95
闹（新）.png	777	778	闹	1	80
妈（新）.png	778	779	妈	1	70
节（新）.png	779	77A	节	1	59
预（新）.png	77A	77B	预	1	86
哎（新）.png	77B	77C	哎	1	70
显（新）.png	77C	77D	显	1	76
视（新）.png	77D	77E	视	1	86
运（新）.png	77E	77F	运	1	60
兴（新）.png	77F	780	兴	1	52
委（新）.png	780	781	委	1	67
远（新）.png	781	782	远	1	67
长（新）.png	782	783	长	1	50
楼（新）.png	783	784	楼	1	84
吃（新）.png	784	785	吃	1	66
强（新）.png	785	786	强	1	86
营（新）.png	786	787	营	1	70
轻（新）.png	787	788	轻	1	63
终（新）.png	788	789	终	1	67
氛（新）.png	789	78A	氛	1	66
识（新）.png	78A	78B	识	1	65
崭（新）.png	78B	78C	崭	1	81
烦（新）.png	78C	78D	烦	1	86
缘（新）.png	78D	78E	缘	1	77
详（新）.png	78E	78F	详	1	61
简（新）.png	78F	790	简	1	81
哼（新）.png	790	791	哼	1	68
喂（新）.png	791	792	喂	1	88
累（新）.png	792	793	累	1	70
复（新）.png	793	794	复	1	67
征（新）.png	794	795	征	1	69
论（新）.png	795	796	论	1	63
劲（新）.png	796	797	劲	1	63
祥（新）.png	797	798	祥	1	63
诶（新）.png	798	799	诶	1	67
闻（新）.png	799	79A	闻	1	85
啦（新）.png	79A	79B	啦	1	84
隐（新）.png	79B	79C	隐	1	78
准（新）.png	79C	79D	准	1	67
朋（新）.png	79D	79E	朋	1	89
满（新）.png	79E	79F	满	1	77
沉（新）.png	79F	7A0	沉	1	71
词（新）.png	7A0	7A1	词	1	72
咐（新）.png	7A1	7A2	咐	1	79
靠（新）.png	7A2	7A3	靠	1	80
吩（新）.png	7A3	7A4	吩	1	73
挺（新）.png	7A4	7A5	挺	1	75
渐（新）.png	7A5	7A6	渐	1	82
瞒（新）.png	7A6	7A7	瞒	1	88
咦（新）.png	7A7	7A8	咦	1	80
欢（新）.png	7A8	7A9	欢	1	69
游（新）.png	7A9	7AA	游	1	83
张（新）.png	7AA	7AB	张	1	73
聊（新）.png	7AB	7AC	聊	1	101
脸（新）.png	7AC	7AD	脸	1	85
恢（新）.png	7AD	7AE	恢	1	77
碰（新）.png	7AE	7AF	碰	1	85
抓（新）.png	7AF	7B0	抓	1	81
车（新）.png	7B0	7B1	车	1	51
闲（新）.png	7B1	7B2	闲	1	71
曾（新）.png	7B2	7B3	曾	1	76
狠（新）.png	7B3	7B4	狠	1	80
穿（新）.png	7B4	7B5	穿	1	65
赎（新）.png	7B5	7B6	赎	1	87
亮（新）.png	7B6	7B7	亮	1	74
拳（新）.png	7B7	7B8	拳	1	72
观（新）.png	7B8	7B9	观	1	86
议（新）.png	7B9	7BA	议	1	71
备（新）.png	7BA	7BB	备	1	70
战（新）.png	7BB	7BC	战	1	79
袭（新）.png	7BC	7BD	袭	1	78
仔（新）.png	7BD	7BE	仔	1	60
睡（新）.png	7BE	7BF	睡	1	90
佛（新）.png	7BF	7C0	佛	1	79
唉（新）.png	7C0	7C1	唉	1	71
态（新）.png	7C1	7C2	态	1	65
厌（新）.png	7C2	7C3	厌	1	58
藏（新）.png	7C3	7C4	藏	1	89
逼（新）.png	7C4	7C5	逼	1	68
仅（新）.png	7C5	7C6	仅	1	69
仿（新）.png	7C6	7C7	仿	1	66
兢（新）.png	7C7	7C8	兢	1	82
华（新）.png	7C8	7C9	华	1	56
员（新）.png	7C9	7CA	员	1	73
换（新）.png	7CA	7CB	换	1	83
诉（新）.png	7CB	7CC	诉	1	66
柜（新）.png	7CC	7CD	柜	1	77
树（新）.png	7CD	7CE	树	1	75
畏（新）.png	7CE	7CF	畏	1	67
虑（新）.png	7CF	7D0	虑	1	68
习（新）.png	7D0	7D1	习	1	53
谓（新）.png	7D1	7D2	谓	1	77
迟（新）.png	7D2	7D3	迟	1	66
针（新）.png	7D3	7D4	针	1	58
险（新）.png	7D4	7D5	险	1	76
默（新）.png	7D5	7D6	默	1	82
凭（新）.png	7D6	7D7	凭	1	58
单（新）.png	7D7	7D8	单	1	60
栋（新）.png	7D8	7D9	栋	1	69
毕（新）.png	7D9	7DA	毕	1	51
纪（新）.png	7DA	7DB	纪	1	64
脚（新）.png	7DB	7DC	脚	1	94
讨（新）.png	7DC	7DD	讨	1	54
墙（新）.png	7DD	7DE	墙	1	79
师（新）.png	7DE	7DF	师	1	85
搜（新）.png	7DF	7E0	搜	1	81
设（新）.png	7E0	7E1	设	1	68
协（新）.png	7E1	7E2	协	1	77
按（新）.png	7E2	7E3	按	1	71
积（新）.png	7E3	7E4	积	1	77
罢（新）.png	7E4	7E5	罢	1	61
孕（新）.png	7E5	7E6	孕	1	60
尔（新）.png	7E6	7E7	尔	1	56
需（新）.png	7E7	7E8	需	1	81
乖（新）.png	7E8	7E9	乖	1	69
厉（新）.png	7E9	7EA	厉	1	62
惊（新）.png	7EA	7EB	惊	1	75
挂（新）.png	7EB	7EC	挂	1	68
丢（新）.png	7EC	7ED	丢	1	55
严（新）.png	7ED	7EE	严	1	54
揭（新）.png	7EE	7EF	揭	1	93
架（新）.png	7EF	7F0	架	1	65
每（新）.png	7F0	7F1	每	1	63
芒（新）.png	7F1	7F2	芒	1	50
鸦（新）.png	7F2	7F3	鸦	1	82
彻（新）.png	7F3	7F4	彻	1	87
热（新）.png	7F4	7F5	热	1	73
爱（新）.png	7F5	7F6	爱	1	74
荡（新）.png	7F6	7F7	荡	1	74
净（新）.png	7F7	7F8	净	1	66
团（新）.png	7F8	7F9	团	1	85
坚（新）.png	7F9	7FA	坚	1	69
塞（新）.png	7FA	7FB	塞	1	79
扫（新）.png	7FB	7FC	扫	1	61
搞（新）.png	7FC	7FD	搞	1	77
爷（新）.png	7FD	7FE	爷	1	58
笼（新）.png	7FE	7FF	笼	1	71
罩（新）.png	7FF	800	罩	1	72
貌（新）.png	800	801	貌	1	82
呃（新）.png	801	802	呃	1	79
布（新）.png	802	803	布	1	54
胡（新）.png	803	804	胡	1	69
萎（新）.png	804	805	萎	1	81
衫（新）.png	805	806	衫	1	59
阵（新）.png	806	807	阵	1	74
恶（新）.png	807	808	恶	1	74
惯（新）.png	808	809	惯	1	84
汇（新）.png	809	80A	汇	1	47
涂（新）.png	80A	80B	涂	1	66
语（新）.png	80B	80C	语	1	72
阴（新）.png	80C	80D	阴	1	83
顿（新）.png	80D	80E	顿	1	83
举（新）.png	80E	80F	举	1	61
夸（新）.png	80F	810	夸	1	60
搬（新）.png	810	811	搬	1	95
糟（新）.png	811	812	糟	1	93
蛋（新）.png	812	813	蛋	1	74
谜（新）.png	813	814	谜	1	68
达（新）.png	814	815	达	1	58
迈（新）.png	815	816	迈	1	64
风（新）.png	816	817	风	1	81
值（新）.png	817	818	值	1	83
另（新）.png	818	819	另	1	58
嘿（新）.png	819	81A	嘿	1	105
岁（新）.png	81A	81B	岁	1	50
搁（新）.png	81B	81C	搁	1	87
旁（新）.png	81C	81D	旁	1	68
杂（新）.png	81D	81E	杂	1	53
猜（新）.png	81E	81F	猜	1	81
绿（新）.png	81F	820	绿	1	77
耍（新）.png	820	821	耍	1	79
谎（新）.png	821	822	谎	1	72
际（新）.png	822	823	际	1	74
冲（新）.png	823	824	冲	1	57
即（新）.png	824	825	即	1	88
圈（新）.png	825	826	圈	1	99
归（新）.png	826	827	归	1	68
揍（新）.png	827	828	揍	1	86
环（新）.png	828	829	环	1	56
络（新）.png	829	82A	络	1	76
缓（新）.png	82A	82B	缓	1	80
网（新）.png	82B	82C	网	1	90
费（新）.png	82C	82D	费	1	76
躲（新）.png	82D	82E	躲	1	90
钟（新）.png	82E	82F	钟	1	64
键（新）.png	82F	830	键	1	79
陪（新）.png	830	831	陪	1	77
义（新）.png	831	832	义	1	50
乐（新）.png	832	833	乐	1	54
坏（新）.png	833	834	坏	1	60
块（新）.png	834	835	块	1	68
弥（新）.png	835	836	弥	1	75
班（新）.png	836	837	班	1	74
硬（新）.png	837	838	硬	1	93
祷（新）.png	838	839	祷	1	72
绕（新）.png	839	83A	绕	1	76
虚（新）.png	83A	83B	虚	1	62
飞（新）.png	83B	83C	飞	1	37
仍（新）.png	83C	83D	仍	1	61
价（新）.png	83D	83E	价	1	66
副（新）.png	83E	83F	副	1	94
坐（新）.png	83F	840	坐	1	63
搭（新）.png	840	841	搭	1	71
绪（新）.png	841	842	绪	1	75
讲（新）.png	842	843	讲	1	74
趁（新）.png	843	844	趁	1	67
阳（新）.png	844	845	阳	1	83
仆（新）.png	845	846	仆	1	50
养（新）.png	846	847	养	1	64
压（新）.png	847	848	压	1	60
啥（新）.png	848	849	啥	1	78
巧（新）.png	849	84A	巧	1	49
挥（新）.png	84A	84B	挥	1	76
瀑（新）.png	84B	84C	瀑	1	79
盯（新）.png	84C	84D	盯	1	55
莫（新）.png	84D	84E	莫	1	69
龄（新）.png	84E	84F	龄	1	74
吵（新）.png	84F	850	吵	1	67
宽（新）.png	850	851	宽	1	62
懂（新）.png	851	852	懂	1	95
烈（新）.png	852	853	烈	1	79
缠（新）.png	853	854	缠	1	91
输（新）.png	854	855	输	1	89
适（新）.png	855	856	适	1	67
亏（新）.png	856	857	亏	1	37
剩（新）.png	857	858	剩	1	86
勾（新）.png	858	859	勾	1	52
咖（新）.png	859	85A	咖	1	99
哇（新）.png	85A	85B	哇	1	71
啡（新）.png	85B	85C	啡	1	78
婴（新）.png	85C	85D	婴	1	83
层（新）.png	85D	85E	层	1	74
忆（新）.png	85E	85F	忆	1	59
悉（新）.png	85F	860	悉	1	68
户（新）.png	860	861	户	1	43
擅（新）.png	861	862	擅	1	90
效（新）.png	862	863	效	1	70
测（新）.png	863	864	测	1	84
筑（新）.png	864	865	筑	1	73
资（新）.png	865	866	资	1	70
透（新）.png	866	867	透	1	70
遍（新）.png	867	868	遍	1	78
伫（新）.png	868	869	伫	1	47
嘴（新）.png	869	86A	嘴	1	82
囤（新）.png	86A	86B	囤	1	92
币（新）.png	86B	86C	币	1	59
投（新）.png	86C	86D	投	1	66
抬（新）.png	86D	86E	抬	1	73
摇（新）.png	86E	86F	摇	1	80
施（新）.png	86F	870	施	1	88
睛（新）.png	870	871	睛	1	91
碎（新）.png	871	872	碎	1	79
笨（新）.png	872	873	笨	1	63
绑（新）.png	873	874	绑	1	78
补（新）.png	874	875	补	1	60
赌（新）.png	875	876	赌	1	91
采（新）.png	876	877	采	1	62
卷（新）.png	877	878	卷	1	68
双（新）.png	878	879	双	1	67
响（新）.png	879	87A	响	1	89
哭（新）.png	87A	87B	哭	1	71
圆（新）.png	87B	87C	圆	1	96
圾（新）.png	87C	87D	圾	1	81
址（新）.png	87D	87E	址	1	67
垃（新）.png	87E	87F	垃	1	63
夺（新）.png	87F	880	夺	1	52
套（新）.png	880	881	套	1	76
尤（新）.png	881	882	尤	1	50
戏（新）.png	882	883	戏	1	76
执（新）.png	883	884	执	1	73
极（新）.png	884	885	极	1	87
牌（新）.png	885	886	牌	1	82
疏（新）.png	886	887	疏	1	80
约（新）.png	887	888	约	1	66
胁（新）.png	888	889	胁	1	94
访（新）.png	889	88A	访	1	61
赖（新）.png	88A	88B	赖	1	78
逛（新）.png	88B	88C	逛	1	63
醒（新）.png	88C	88D	醒	1	85
驳（新）.png	88D	88E	驳	1	75
吼（新）.png	88E	88F	吼	1	82
咕（新）.png	88F	890	咕	1	70
奋（新）.png	890	891	奋	1	68
废（新）.png	891	892	废	1	74
惫（新）.png	892	893	惫	1	76
拖（新）.png	893	894	拖	1	66
摆（新）.png	894	895	摆	1	80
松（新）.png	895	896	松	1	72
棘（新）.png	896	897	棘	1	65
疼（新）.png	897	898	疼	1	66
碍（新）.png	898	899	碍	1	84
篮（新）.png	899	89A	篮	1	84
雾（新）.png	89A	89B	雾	1	73
饭（新）.png	89B	89C	饭	1	83
鼓（新）.png	89C	89D	鼓	1	73
丽（新）.png	89D	89E	丽	1	83
偿（新）.png	89E	89F	偿	1	75
凝（新）.png	89F	8A0	凝	1	89
劳（新）.png	8A0	8A1	劳	1	65
吓（新）.png	8A1	8A2	吓	1	59
宁（新）.png	8A2	8A3	宁	1	41
帅（新）.png	8A3	8A4	帅	1	84
异（新）.png	8A4	8A5	异	1	66
悄（新）.png	8A5	8A6	悄	1	80
扑（新）.png	8A6	8A7	扑	1	58
挤（新）.png	8A7	8A8	挤	1	68
播（新）.png	8A8	8A9	播	1	91
晓（新）.png	8A9	8AA	晓	1	84
桌（新）.png	8AA	8AB	桌	1	70
樱（新）.png	8AB	8AC	樱	1	89
沙（新）.png	8AC	8AD	沙	1	64
添（新）.png	8AD	8AE	添	1	79
爬（新）.png	8AE	8AF	爬	1	73
牺（新）.png	8AF	8B0	牺	1	87
纠（新）.png	8B0	8B1	纠	1	69
聚（新）.png	8B1	8B2	聚	1	82
蓝（新）.png	8B2	8B3	蓝	1	84
计（新）.png	8B3	8B4	计	1	49
谧（新）.png	8B4	8B5	谧	1	79
骗（新）.png	8B5	8B6	骗	1	85
专（新）.png	8B6	8B7	专	1	46
怜（新）.png	8B7	8B8	怜	1	65
怨（新）.png	8B8	8B9	怨	1	80
憾（新）.png	8B9	8BA	憾	1	88
掠（新）.png	8BA	8BB	掠	1	74
撮（新）.png	8BB	8BC	撮	1	86
昏（新）.png	8BC	8BD	昏	1	75
权（新）.png	8BD	8BE	权	1	73
梯（新）.png	8BE	8BF	梯	1	84
泄（新）.png	8BF	8C0	泄	1	74
淋（新）.png	8C0	8C1	淋	1	73
牵（新）.png	8C1	8C2	牵	1	60
猎（新）.png	8C2	8C3	猎	1	81
码（新）.png	8C3	8C4	码	1	77
签（新）.png	8C4	8C5	签	1	70
组（新）.png	8C5	8C6	组	1	79
诀（新）.png	8C6	8C7	诀	1	61
责（新）.png	8C7	8C8	责	1	65
辆（新）.png	8C8	8C9	辆	1	98
遭（新）.png	8C9	8CA	遭	1	83
铺（新）.png	8CA	8CB	铺	1	88
闭（新）.png	8CB	8CC	闭	1	74
陷（新）.png	8CC	8CD	陷	1	90
领（新）.png	8CD	8CE	领	1	80
鸽（新）.png	8CE	8CF	鸽	1	74
偌（新）.png	8CF	8D0	偌	1	76
咧（新）.png	8D0	8D1	咧	1	94
哟（新）.png	8D1	8D2	哟	1	85
哥（新）.png	8D2	8D3	哥	1	65
喊（新）.png	8D3	8D4	喊	1	86
忌（新）.png	8D4	8D5	忌	1	63
扇（新）.png	8D5	8D6	扇	1	79
扰（新）.png	8D6	8D7	扰	1	75
拉（新）.png	8D7	8D8	拉	1	70
拼（新）.png	8D8	8D9	拼	1	75
敲（新）.png	8D9	8DA	敲	1	80
斥（新）.png	8DA	8DB	斥	1	54
渣（新）.png	8DB	8DC	渣	1	73
滓（新）.png	8DC	8DD	滓	1	66
胖（新）.png	8DD	8DE	胖	1	81
舍（新）.png	8DE	8DF	舍	1	58
药（新）.png	8DF	8E0	药	1	75
询（新）.png	8E0	8E1	询	1	64
误（新）.png	8E1	8E2	误	1	68
谨（新）.png	8E2	8E3	谨	1	83
负（新）.png	8E3	8E4	负	1	63
辙（新）.png	8E4	8E5	辙	1	93
钻（新）.png	8E5	8E6	钻	1	72
锁（新）.png	8E6	8E7	锁	1	88
镜（新）.png	8E7	8E8	镜	1	80
骂（新）.png	8E8	8E9	骂	1	63
优（新）.png	8E9	8EA	优	1	63
佣（新）.png	8EA	8EB	佣	1	87
傻（新）.png	8EB	8EC	傻	1	89
划（新）.png	8EC	8ED	划	1	71
历（新）.png	8ED	8EE	历	1	62
嚣（新）.png	8EE	8EF	嚣	1	91
嚯（新）.png	8EF	8F0	嚯	1	90
壮（新）.png	8F0	8F1	壮	1	55
帘（新）.png	8F1	8F2	帘	1	58
怦（新）.png	8F2	8F3	怦	1	71
抛（新）.png	8F3	8F4	抛	1	91
拱（新）.png	8F4	8F5	拱	1	69
捉（新）.png	8F5	8F6	捉	1	80
撤（新）.png	8F6	8F7	撤	1	89
斑（新）.png	8F7	8F8	斑	1	75
杀（新）.png	8F8	8F9	杀	1	50
涌（新）.png	8F9	8FA	涌	1	77
础（新）.png	8FA	8FB	础	1	82
级（新）.png	8FB	8FC	级	1	81
羡（新）.png	8FC	8FD	羡	1	76
讶（新）.png	8FD	8FE	讶	1	65
贸（新）.png	8FE	8FF	贸	1	73
铁（新）.png	8FF	900	铁	1	68
阶（新）.png	900	901	阶	1	74
陆（新）.png	901	902	陆	1	84
丧（新）.png	902	903	丧	1	64
偷（新）.png	903	904	偷	1	86
凉（新）.png	904	905	凉	1	63
奶（新）.png	905	906	奶	1	73
弹（新）.png	906	907	弹	1	79
抢（新）.png	907	908	抢	1	73
攘（新）.png	908	909	攘	1	83
敞（新）.png	909	90A	敞	1	85
档（新）.png	90A	90B	档	1	72
桶（新）.png	90B	90C	桶	1	90
梦（新）.png	90C	90D	梦	1	64
熙（新）.png	90D	90E	熙	1	85
甚（新）.png	90E	90F	甚	1	73
盘（新）.png	90F	910	盘	1	74
织（新）.png	910	911	织	1	71
蔬（新）.png	911	912	蔬	1	85
赛（新）.png	912	913	赛	1	81
遮（新）.png	913	914	遮	1	75
颜（新）.png	914	915	颜	1	83
临（新）.png	915	916	临	1	82
产（新）.png	916	917	产	1	38
倾（新）.png	917	918	倾	1	83
僵（新）.png	918	919	僵	1	85
堆（新）.png	919	91A	堆	1	69
夹（新）.png	91A	91B	夹	1	55
奖（新）.png	91B	91C	奖	1	67
孔（新）.png	91C	91D	孔	1	63
尝（新）.png	91D	91E	尝	1	59
岔（新）.png	91E	91F	岔	1	54
恼（新）.png	91F	920	恼	1	85
惧（新）.png	920	921	惧	1	85
择（新）.png	921	922	择	1	77
森（新）.png	922	923	森	1	70
泛（新）.png	923	924	泛	1	55
洲（新）.png	924	925	洲	1	80
玻（新）.png	925	926	玻	1	80
璃（新）.png	926	927	璃	1	82
瞪（新）.png	927	928	瞪	1	90
碌（新）.png	928	929	碌	1	85
稀（新）.png	929	92A	稀	1	84
练（新）.png	92A	92B	练	1	74
绎（新）.png	92B	92C	绎	1	76
维（新）.png	92C	92D	维	1	61
缺（新）.png	92D	92E	缺	1	78
舒（新）.png	92E	92F	舒	1	73
艺（新）.png	92F	930	艺	1	53
葛（新）.png	930	931	葛	1	77
诡（新）.png	931	932	诡	1	73
谅（新）.png	932	933	谅	1	61
贵（新）.png	933	934	贵	1	66
蹭（新）.png	934	935	蹭	1	93
迹（新）.png	935	936	迹	1	71
钱（新）.png	936	937	钱	1	78
顶（新）.png	937	938	顶	1	80
顽（新）.png	938	939	顽	1	83
鸟（新）.png	939	93A	鸟	1	53
g（新）.png	93A	93B	g	1	53
i（新）.png	93B	93C	i	1	27
r（新）.png	93C	93D	r	1	44
s（新）.png	93D	93E	s	1	66
t（新）.png	93E	93F	t	1	30
丛（新）.png	93F	940	丛	1	57
丝（新）.png	940	941	丝	1	51
享（新）.png	941	942	享	1	63
众（新）.png	942	943	众	1	52
俩（新）.png	943	944	俩	1	86
匆（新）.png	944	945	匆	1	64
厦（新）.png	945	946	厦	1	86
咨（新）.png	946	947	咨	1	58
啧（新）.png	947	948	啧	1	81
妨（新）.png	948	949	妨	1	72
寞（新）.png	949	94A	寞	1	74
尘（新）.png	94A	94B	尘	1	49
屉（新）.png	94B	94C	屉	1	80
广（新）.png	94C	94D	广	1	28
序（新）.png	94D	94E	序	1	63
恭（新）.png	94E	94F	恭	1	73
扭（新）.png	94F	950	扭	1	79
拆（新）.png	950	951	拆	1	68
拥（新）.png	951	952	拥	1	89
撒（新）.png	952	953	撒	1	91
敢（新）.png	953	954	敢	1	78
梅（新）.png	954	955	梅	1	85
橙（新）.png	955	956	橙	1	86
泻（新）.png	956	957	泻	1	54
洁（新）.png	957	958	洁	1	61
淌（新）.png	958	959	淌	1	76
澡（新）.png	959	95A	澡	1	76
烂（新）.png	95A	95B	烂	1	58
硕（新）.png	95B	95C	硕	1	90
秒（新）.png	95C	95D	秒	1	69
窄（新）.png	95D	95E	窄	1	68
窗（新）.png	95E	95F	窗	1	82
笔（新）.png	95F	960	笔	1	67
纸（新）.png	960	961	纸	1	76
缉（新）.png	961	962	缉	1	76
缝（新）.png	962	963	缝	1	79
缸（新）.png	963	964	缸	1	78
贯（新）.png	964	965	贯	1	81
轮（新）.png	965	966	轮	1	65
逢（新）.png	966	967	逢	1	72
锐（新）.png	967	968	锐	1	79
驾（新）.png	968	969	驾	1	67
鲜（新）.png	969	96A	鲜	1	73
a（新）.png	96A	96B	a	1	60
h（新）.png	96B	96C	h	1	55
丰（新）.png	96C	96D	丰	1	42
侣（新）.png	96D	96E	侣	1	67
俯（新）.png	96E	96F	俯	1	90
凄（新）.png	96F	970	凄	1	79
占（新）.png	970	971	占	1	48
叶（新）.png	971	972	叶	1	58
叹（新）.png	972	973	叹	1	84
呐（新）.png	973	974	呐	1	88
哧（新）.png	974	975	哧	1	79
唤（新）.png	975	976	唤	1	81
啰（新）.png	976	977	啰	1	83
喘（新）.png	977	978	喘	1	81
嗦（新）.png	978	979	嗦	1	82
嘱（新）.png	979	97A	嘱	1	103
墨（新）.png	97A	97B	墨	1	82
妇（新）.png	97B	97C	妇	1	63
娃（新）.png	97C	97D	娃	1	69
导（新）.png	97D	97E	导	1	59
尖（新）.png	97E	97F	尖	1	50
彬（新）.png	97F	980	彬	1	84
德（新）.png	980	981	德	1	89
悚（新）.png	981	982	悚	1	80
惠（新）.png	982	983	惠	1	77
愈（新）.png	983	984	愈	1	72
扩（新）.png	984	985	扩	1	56
撬（新）.png	985	986	撬	1	91
朵（新）.png	986	987	朵	1	64
杆（新）.png	987	988	杆	1	59
棵（新）.png	988	989	棵	1	89
汁（新）.png	989	98A	汁	1	46
涤（新）.png	98A	98B	涤	1	67
涩（新）.png	98B	98C	涩	1	72
烤（新）.png	98C	98D	烤	1	69
狮（新）.png	98D	98E	狮	1	82
琐（新）.png	98E	98F	琐	1	81
盏（新）.png	98F	990	盏	1	80
矗（新）.png	990	991	矗	1	83
纯（新）.png	991	992	纯	1	75
绍（新）.png	992	993	绍	1	74
绘（新）.png	993	994	绘	1	65
绽（新）.png	994	995	绽	1	74
缭（新）.png	995	996	缭	1	86
耗（新）.png	996	997	耗	1	76
耶（新）.png	997	998	耶	1	86
肿（新）.png	998	999	肿	1	66
胳（新）.png	999	99A	胳	1	90
膊（新）.png	99A	99B	膊	1	95
获（新）.png	99B	99C	获	1	70
萧（新）.png	99C	99D	萧	1	81
蒙（新）.png	99D	99E	蒙	1	76
裹（新）.png	99E	99F	裹	1	78
规（新）.png	99F	9A0	规	1	89
评（新）.png	9A0	9A1	评	1	62
读（新）.png	9A1	9A2	读	1	66
谋（新）.png	9A2	9A3	谋	1	74
贬（新）.png	9A3	9A4	贬	1	75
蹲（新）.png	9A4	9A5	蹲	1	89
逐（新）.png	9A5	9A6	逐	1	71
酱（新）.png	9A6	9A7	酱	1	78
钮（新）.png	9A7	9A8	钮	1	83
铃（新）.png	9A8	9A9	铃	1	63
镖（新）.png	9A9	9AA	镖	1	90
闪（新）.png	9AA	9AB	闪	1	68
队（新）.png	9AB	9AC	队	1	65
陌（新）.png	9AC	9AD	陌	1	85
零（新）.png	9AD	9AE	零	1	73
m（新）.png	9AE	9AF	m	1	59
o（新）.png	9AF	9B0	o	1	56
凿（新）.png	9B0	9B1	凿	1	78
创（新）.png	9B1	9B2	创	1	77
劫（新）.png	9B2	9B3	劫	1	65
势（新）.png	9B3	9B4	势	1	70
咯（新）.png	9B4	9B5	咯	1	77
坦（新）.png	9B5	9B6	坦	1	68
垫（新）.png	9B6	9B7	垫	1	69
宜（新）.png	9B7	9B8	宜	1	69
屡（新）.png	9B8	9B9	屡	1	84
府（新）.png	9B9	9BA	府	1	76
径（新）.png	9BA	9BB	径	1	61
恳（新）.png	9BB	9BC	恳	1	78
愣（新）.png	9BC	9BD	愣	1	83
戴（新）.png	9BD	9BE	戴	1	94
扮（新）.png	9BE	9BF	扮	1	69
扯（新）.png	9BF	9C0	扯	1	71
抖（新）.png	9C0	9C1	抖	1	64
拨（新）.png	9C1	9C2	拨	1	77
掏（新）.png	9C2	9C3	掏	1	79
掩（新）.png	9C3	9C4	掩	1	83
敌（新）.png	9C4	9C5	敌	1	76
斗（新）.png	9C5	9C6	斗	1	42
检（新）.png	9C6	9C7	检	1	74
款（新）.png	9C7	9C8	款	1	80
歹（新）.png	9C8	9C9	歹	1	49
污（新）.png	9C9	9CA	污	1	51
溅（新）.png	9CA	9CB	溅	1	87
狗（新）.png	9CB	9CC	狗	1	76
狡（新）.png	9CC	9CD	狡	1	70
甩（新）.png	9CD	9CE	甩	1	76
痕（新）.png	9CE	9CF	痕	1	79
盖（新）.png	9CF	9D0	盖	1	67
睹（新）.png	9D0	9D1	睹	1	90
瞧（新）.png	9D1	9D2	瞧	1	97
稳（新）.png	9D2	9D3	稳	1	79
糊（新）.png	9D3	9D4	糊	1	92
糕（新）.png	9D4	9D5	糕	1	85
纳（新）.png	9D5	9D6	纳	1	78
腿（新）.png	9D6	9D7	腿	1	95
艰（新）.png	9D7	9D8	艰	1	85
艳（新）.png	9D8	9D9	艳	1	78
范（新）.png	9D9	9DA	范	1	67
荫（新）.png	9DA	9DB	荫	1	85
萄（新）.png	9DB	9DC	萄	1	76
葡（新）.png	9DC	9DD	葡	1	84
虎（新）.png	9DD	9DE	虎	1	70
训（新）.png	9DE	9DF	训	1	61
课（新）.png	9DF	9E0	课	1	79
败（新）.png	9E0	9E1	败	1	85
赠（新）.png	9E1	9E2	赠	1	97
蹦（新）.png	9E2	9E3	蹦	1	93
违（新）.png	9E3	9E4	违	1	67
酪（新）.png	9E4	9E5	酪	1	92
醉（新）.png	9E5	9E6	醉	1	87
醋（新）.png	9E6	9E7	醋	1	95
陈（新）.png	9E7	9E8	陈	1	81
颇（新）.png	9E8	9E9	颇	1	91
k（新）.png	9E9	9EA	k	1	55
乘（新）.png	9EA	9EB	乘	1	74
仓（新）.png	9EB	9EC	仓	1	51
伦（新）.png	9EC	9ED	伦	1	72
伪（新）.png	9ED	9EE	伪	1	73
促（新）.png	9EE	9EF	促	1	79
倘（新）.png	9EF	9F0	倘	1	84
允（新）.png	9F0	9F1	允	1	65
兔（新）.png	9F1	9F2	兔	1	63
冰（新）.png	9F2	9F3	冰	1	61
刁（新）.png	9F3	9F4	刁	1	49
刊（新）.png	9F4	9F5	刊	1	63
删（新）.png	9F5	9F6	删	1	102
劝（新）.png	9F6	9F7	劝	1	69
劣（新）.png	9F7	9F8	劣	1	44
卜（新）.png	9F8	9F9	卜	1	31
卫（新）.png	9F9	9FA	卫	1	46
厕（新）.png	9FA	9FB	厕	1	90
厨（新）.png	9FB	9FC	厨	1	81
呈（新）.png	9FC	9FD	呈	1	57
呸（新）.png	9FD	9FE	呸	1	76
咂（新）.png	9FE	9FF	咂	1	80
咒（新）.png	9FF	A00	咒	1	65
咪（新）.png	A00	A01	咪	1	77
善（新）.png	A01	A02	善	1	72
喵（新）.png	A02	A03	喵	1	77
嗨（新）.png	A03	A04	嗨	1	83
嘁（新）.png	A04	A05	嘁	1	88
嘞（新）.png	A05	A06	嘞	1	93
嘟（新）.png	A06	A07	嘟	1	91
嘻（新）.png	A07	A08	嘻	1	86
囔（新）.png	A08	A09	囔	1	92
塌（新）.png	A09	A0A	塌	1	95
塑（新）.png	A0A	A0B	塑	1	84
增（新）.png	A0B	A0C	增	1	78
婆（新）.png	A0C	A0D	婆	1	73
审（新）.png	A0D	A0E	审	1	66
富（新）.png	A0E	A0F	富	1	75
寸（新）.png	A0F	A10	寸	1	41
尬（新）.png	A10	A11	尬	1	80
尴（新）.png	A11	A12	尴	1	88
尺（新）.png	A12	A13	尺	1	54
巴（新）.png	A13	A14	巴	1	69
巾（新）.png	A14	A15	巾	1	56
弯（新）.png	A15	A16	弯	1	59
恕（新）.png	A16	A17	恕	1	76
愤（新）.png	A17	A18	愤	1	75
截（新）.png	A18	A19	截	1	87
扁（新）.png	A19	A1A	扁	1	60
抄（新）.png	A1A	A1B	抄	1	68
抚（新）.png	A1B	A1C	抚	1	70
抹（新）.png	A1C	A1D	抹	1	68
挚（新）.png	A1D	A1E	挚	1	74
捷（新）.png	A1E	A1F	捷	1	84
措（新）.png	A1F	A20	措	1	83
插（新）.png	A20	A21	插	1	83
撑（新）.png	A21	A22	撑	1	79
撼（新）.png	A22	A23	撼	1	85
擦（新）.png	A23	A24	擦	1	83
攥（新）.png	A24	A25	攥	1	96
斯（新）.png	A25	A26	斯	1	77
晕（新）.png	A26	A27	晕	1	74
构（新）.png	A27	A28	构	1	74
栽（新）.png	A28	A29	栽	1	76
涨（新）.png	A29	A2A	涨	1	77
渍（新）.png	A2A	A2B	渍	1	73
熬（新）.png	A2B	A2C	熬	1	78
燃（新）.png	A2C	A2D	燃	1	86
牢（新）.png	A2D	A2E	牢	1	46
狂（新）.png	A2E	A2F	狂	1	63
瘆（新）.png	A2F	A30	瘆	1	74
瘦（新）.png	A30	A31	瘦	1	83
盼（新）.png	A31	A32	盼	1	80
眨（新）.png	A32	A33	眨	1	61
眯（新）.png	A33	A34	眯	1	83
砌（新）.png	A34	A35	砌	1	95
碟（新）.png	A35	A36	碟	1	86
祟（新）.png	A36	A37	祟	1	65
科（新）.png	A37	A38	科	1	70
窃（新）.png	A38	A39	窃	1	67
篇（新）.png	A39	A3A	篇	1	70
纹（新）.png	A3A	A3B	纹	1	70
罐（新）.png	A3B	A3C	罐	1	91
罕（新）.png	A3C	A3D	罕	1	49
耽（新）.png	A3D	A3E	耽	1	84
耿（新）.png	A3E	A3F	耿	1	88
肥（新）.png	A3F	A40	肥	1	89
胜（新）.png	A40	A41	胜	1	82
萝（新）.png	A41	A42	萝	1	67
薯（新）.png	A42	A43	薯	1	81
蘸（新）.png	A43	A44	蘸	1	91
虹（新）.png	A44	A45	虹	1	70
蠢（新）.png	A45	A46	蠢	1	87
裤（新）.png	A46	A47	裤	1	78
诅（新）.png	A47	A48	诅	1	74
诊（新）.png	A48	A49	诊	1	59
谚（新）.png	A49	A4A	谚	1	75
豁（新）.png	A4A	A4B	豁	1	87
质（新）.png	A4B	A4C	质	1	79
贩（新）.png	A4C	A4D	贩	1	91
贪（新）.png	A4D	A4E	贪	1	55
贼（新）.png	A4E	A4F	贼	1	88
赏（新）.png	A4F	A50	赏	1	64
赢（新）.png	A50	A51	赢	1	84
踩（新）.png	A51	A52	踩	1	81
躁（新）.png	A52	A53	躁	1	90
辩（新）.png	A53	A54	辩	1	77
逻（新）.png	A54	A55	逻	1	77
遵（新）.png	A55	A56	遵	1	82
镰（新）.png	A56	A57	镰	1	93
闩（新）.png	A57	A58	闩	1	55
闯（新）.png	A58	A59	闯	1	85
阻（新）.png	A59	A5A	阻	1	87
阿（新）.png	A5A	A5B	阿	1	85
霓（新）.png	A5B	A5C	霓	1	72
页（新）.png	A5C	A5D	页	1	56
频（新）.png	A5D	A5E	频	1	83
颤（新）.png	A5E	A5F	颤	1	92
饰（新）.png	A5F	A60	饰	1	79
馆（新）.png	A60	A61	馆	1	76
驶（新）.png	A61	A62	驶	1	84
鸣（新）.png	A62	A63	鸣	1	81
l（新）.png	A63	A64	l	1	33
u（新）.png	A64	A65	u	1	72
v（新）.png	A65	A66	v	1	57
串（新）.png	A66	A67	串	1	60
云（新）.png	A67	A68	云	1	44
仪（新）.png	A68	A69	仪	1	72
估（新）.png	A69	A6A	估	1	66
伽（新）.png	A6A	A6B	伽	1	95
俗（新）.png	A6B	A6C	俗	1	74
倦（新）.png	A6C	A6D	倦	1	82
傍（新）.png	A6D	A6E	傍	1	79
僻（新）.png	A6E	A6F	僻	1	90
农（新）.png	A6F	A70	农	1	59
冻（新）.png	A70	A71	冻	1	61
减（新）.png	A71	A72	减	1	79
刨（新）.png	A72	A73	刨	1	90
剔（新）.png	A73	A74	剔	1	90
匠（新）.png	A74	A75	匠	1	69
匿（新）.png	A75	A76	匿	1	72
升（新）.png	A76	A77	升	1	55
卖（新）.png	A77	A78	卖	1	62
卦（新）.png	A78	A79	卦	1	49
卧（新）.png	A79	A7A	卧	1	77
卸（新）.png	A7A	A7B	卸	1	77
厅（新）.png	A7B	A7C	厅	1	53
叮（新）.png	A7C	A7D	叮	1	66
吞（新）.png	A7D	A7E	吞	1	60
吭（新）.png	A7E	A7F	吭	1	70
呛（新）.png	A7F	A80	呛	1	74
咋（新）.png	A80	A81	咋	1	66
咔（新）.png	A81	A82	咔	1	62
咚（新）.png	A82	A83	咚	1	71
哞（新）.png	A83	A84	哞	1	71
哨（新）.png	A84	A85	哨	1	83
唬（新）.png	A85	A86	唬	1	80
唱（新）.png	A86	A87	唱	1	91
喷（新）.png	A87	A88	喷	1	84
喻（新）.png	A88	A89	喻	1	81
嗒（新）.png	A89	A8A	嗒	1	80
噌（新）.png	A8A	A8B	噌	1	92
噔（新）.png	A8B	A8C	噔	1	79
噗（新）.png	A8C	A8D	噗	1	78
坍（新）.png	A8D	A8E	坍	1	76
填（新）.png	A8E	A8F	填	1	82
奔（新）.png	A8F	A90	奔	1	67
奠（新）.png	A90	A91	奠	1	75
姨（新）.png	A91	A92	姨	1	85
娱（新）.png	A92	A93	娱	1	80
宛（新）.png	A93	A94	宛	1	75
寥（新）.png	A94	A95	寥	1	74
尊（新）.png	A95	A96	尊	1	83
峻（新）.png	A96	A97	峻	1	77
帕（新）.png	A97	A98	帕	1	79
悬（新）.png	A98	A99	悬	1	74
惕（新）.png	A99	A9A	惕	1	88
愉（新）.png	A9A	A9B	愉	1	89
慧（新）.png	A9B	A9C	慧	1	82
懈（新）.png	A9C	A9D	懈	1	98
懊（新）.png	A9D	A9E	懊	1	84
懦（新）.png	A9E	A9F	懦	1	88
扎（新）.png	A9F	AA0	扎	1	58
扒（新）.png	AA0	AA1	扒	1	60
扔（新）.png	AA1	AA2	扔	1	66
扬（新）.png	AA2	AA3	扬	1	85
拌（新）.png	AA3	AA4	拌	1	66
拘（新）.png	AA4	AA5	拘	1	73
拙（新）.png	AA5	AA6	拙	1	82
拦（新）.png	AA6	AA7	拦	1	60
挡（新）.png	AA7	AA8	挡	1	74
挪（新）.png	AA8	AA9	挪	1	91
捧（新）.png	AA9	AAA	捧	1	79
揉（新）.png	AAA	AAB	揉	1	80
揣（新）.png	AAB	AAC	揣	1	83
摊（新）.png	AAC	AAD	摊	1	85
摸（新）.png	AAD	AAE	摸	1	81
攀（新）.png	AAE	AAF	攀	1	79
攒（新）.png	AAF	AB0	攒	1	95
政（新）.png	AB0	AB1	政	1	74
昭（新）.png	AB1	AB2	昭	1	82
晃（新）.png	AB2	AB3	晃	1	77
暖（新）.png	AB3	AB4	暖	1	84
曹（新）.png	AB4	AB5	曹	1	77
术（新）.png	AB5	AB6	术	1	55
李（新）.png	AB6	AB7	李	1	56
栏（新）.png	AB7	AB8	栏	1	59
梧（新）.png	AB8	AB9	梧	1	82
棍（新）.png	AB9	ABA	棍	1	90
棱（新）.png	ABA	ABB	棱	1	83
植（新）.png	ABB	ABC	植	1	89
椒（新）.png	ABC	ABD	椒	1	92
橘（新）.png	ABD	ABE	橘	1	88
沮（新）.png	ABE	ABF	沮	1	73
沾（新）.png	ABF	AC0	沾	1	53
泪（新）.png	AC0	AC1	泪	1	70
泼（新）.png	AC1	AC2	泼	1	70
浇（新）.png	AC2	AC3	浇	1	78
济（新）.png	AC3	AC4	济	1	63
淆（新）.png	AC4	AC5	淆	1	73
滴（新）.png	AC5	AC6	滴	1	76
潢（新）.png	AC6	AC7	潢	1	75
潮（新）.png	AC7	AC8	潮	1	86
炉（新）.png	AC8	AC9	炉	1	55
炒（新）.png	AC9	ACA	炒	1	70
炫（新）.png	ACA	ACB	炫	1	69
炮（新）.png	ACB	ACC	炮	1	81
烁（新）.png	ACC	ACD	烁	1	72
烙（新）.png	ACD	ACE	烙	1	82
焚（新）.png	ACE	ACF	焚	1	61
煎（新）.png	ACF	AD0	煎	1	84
犹（新）.png	AD0	AD1	犹	1	70
猛（新）.png	AD1	AD2	猛	1	84
猾（新）.png	AD2	AD3	猾	1	77
珠（新）.png	AD3	AD4	珠	1	72
瓜（新）.png	AD4	AD5	瓜	1	67
瓦（新）.png	AD5	AD6	瓦	1	66
监（新）.png	AD6	AD7	监	1	72
瞅（新）.png	AD7	AD8	瞅	1	96
瞎（新）.png	AD8	AD9	瞎	1	95
瞩（新）.png	AD9	ADA	瞩	1	108
矩（新）.png	ADA	ADB	矩	1	65
矮（新）.png	ADB	ADC	矮	1	77
票（新）.png	ADC	ADD	票	1	78
禅（新）.png	ADD	ADE	禅	1	78
租（新）.png	ADE	ADF	租	1	84
稚（新）.png	ADF	AE0	稚	1	77
穷（新）.png	AE0	AE1	穷	1	59
窒（新）.png	AE1	AE2	窒	1	71
窝（新）.png	AE2	AE3	窝	1	66
窥（新）.png	AE3	AE4	窥	1	80
筹（新）.png	AE4	AE5	筹	1	77
统（新）.png	AE5	AE6	统	1	71
绩（新）.png	AE6	AE7	绩	1	83
绷（新）.png	AE7	AE8	绷	1	101
综（新）.png	AE8	AE9	综	1	74
编（新）.png	AE9	AEA	编	1	80
翅（新）.png	AEA	AEB	翅	1	86
翔（新）.png	AEB	AEC	翔	1	87
耀（新）.png	AEC	AED	耀	1	98
耻（新）.png	AED	AEE	耻	1	84
聪（新）.png	AEE	AEF	聪	1	91
肠（新）.png	AEF	AF0	肠	1	94
肮（新）.png	AF0	AF1	肮	1	86
脉（新）.png	AF1	AF2	脉	1	87
脏（新）.png	AF2	AF3	脏	1	75
脾（新）.png	AF3	AF4	脾	1	86
腮（新）.png	AF4	AF5	腮	1	102
腾（新）.png	AF5	AF6	腾	1	91
膀（新）.png	AF6	AF7	膀	1	89
臂（新）.png	AF7	AF8	臂	1	80
舰（新）.png	AF8	AF9	舰	1	104
茄（新）.png	AF9	AFA	茄	1	84
荐（新）.png	AFA	AFB	荐	1	66
莽（新）.png	AFB	AFC	莽	1	71
著（新）.png	AFC	AFD	著	1	74
蔼（新）.png	AFD	AFE	蔼	1	83
蕴（新）.png	AFE	AFF	蕴	1	83
薪（新）.png	AFF	B00	薪	1	84
蛮（新）.png	B00	B01	蛮	1	71
蝴（新）.png	B01	B02	蝴	1	101
蟹（新）.png	B02	B03	蟹	1	83
衬（新）.png	B03	B04	衬	1	60
衷（新）.png	B04	B05	衷	1	64
裙（新）.png	B05	B06	裙	1	82
览（新）.png	B06	B07	览	1	65
讣（新）.png	B07	B08	讣	1	58
诈（新）.png	B08	B09	诈	1	58
诚（新）.png	B09	B0A	诚	1	77
诧（新）.png	B0A	B0B	诧	1	68
诵（新）.png	B0B	B0C	诵	1	80
谍（新）.png	B0C	B0D	谍	1	68
豫（新）.png	B0D	B0E	豫	1	86
财（新）.png	B0E	B0F	财	1	81
贫（新）.png	B0F	B10	贫	1	65
购（新）.png	B10	B11	购	1	82
赋（新）.png	B11	B12	赋	1	93
赘（新）.png	B12	B13	赘	1	78
赞（新）.png	B13	B14	赞	1	73
赴（新）.png	B14	B15	赴	1	69
跃（新）.png	B15	B16	跃	1	76
跷（新）.png	B16	B17	跷	1	81
蹊（新）.png	B17	B18	蹊	1	88
躬（新）.png	B18	B19	躬	1	72
辈（新）.png	B19	B1A	辈	1	72
辉（新）.png	B1A	B1B	辉	1	83
辱（新）.png	B1B	B1C	辱	1	77
迄（新）.png	B1C	B1D	迄	1	64
迅（新）.png	B1D	B1E	迅	1	65
逅（新）.png	B1E	B1F	逅	1	69
逞（新）.png	B1F	B20	逞	1	75
邂（新）.png	B20	B21	邂	1	79
郁（新）.png	B21	B22	郁	1	86
郑（新）.png	B22	B23	郑	1	81
释（新）.png	B23	B24	释	1	80
钝（新）.png	B24	B25	钝	1	80
钞（新）.png	B25	B26	钞	1	69
镇（新）.png	B26	B27	镇	1	83
闷（新）.png	B27	B28	闷	1	72
阁（新）.png	B28	B29	阁	1	79
阅（新）.png	B29	B2A	阅	1	80
雅（新）.png	B2A	B2B	雅	1	86
雨（新）.png	B2B	B2C	雨	1	80
雪（新）.png	B2C	B2D	雪	1	76
鞋（新）.png	B2D	B2E	鞋	1	83
鞠（新）.png	B2E	B2F	鞠	1	91
韵（新）.png	B2F	B30	韵	1	81
飘（新）.png	B30	B31	飘	1	95
饱（新）.png	B31	B32	饱	1	75
饶（新）.png	B32	B33	饶	1	78
驱（新）.png	B33	B34	驱	1	84
验（新）.png	B34	B35	验	1	71
骚（新）.png	B35	B36	骚	1	93
魁（新）.png	B36	B37	魁	1	80
鱼（新）.png	B37	B38	鱼	1	60
鲁（新）.png	B38	B39	鲁	1	78
鳕（新）.png	B39	B3A	鳕	1	87
麦（新）.png	B3A	B3B	麦	1	66
未使用_B3B.png	B3B	B3C		0	0
未使用_B3C.png	B3C	B3D		0	0
未使用_B3D.png	B3D	B3E		0	0
未使用_B3E.png	B3E	B3F		0	0
未使用_B3F.png	B3F	B40		0	0
未使用_B40.png	B40	B41		0	0
未使用_B41.png	B41	B42		0	0
未使用_B42.png	B42	B43		0	0
未使用_B43.png	B43	B44		0	0
未使用_B44.png	B44	B45		0	0
未使用_B45.png	B45	B46		0	0
未使用_B46.png	B46	B47		0	0
未使用_B47.png	B47	B48		0	0
未使用_B48.png	B48	B49		0	0
未使用_B49.png	B49	B4A		0	0
未使用_B4A.png	B4A	B4B		0	0
未使用_B4B.png	B4B	B4C		0	0
未使用_B4C.png	B4C	B4D		0	0
未使用_B4D.png	B4D	B4E		0	0
未使用_B4E.png	B4E	B4F		0	0
未使用_B4F.png	B4F	B50		0	0
未使用_B50.png	B50	B51		0	0
未使用_B51.png	B51	B52		0	0
未使用_B52.png	B52	B53		0	0
未使用_B53.png	B53	B54		0	0
未使用_B54.png	B54	B55		0	0
未使用_B55.png	B55	B56		0	0
未使用_B56.png	B56	B57		0	0
未使用_B57.png	B57	B58		0	0
未使用_B58.png	B58	B59		0	0
未使用_B59.png	B59	B5A		0	0
未使用_B5A.png	B5A	B5B		0	0
未使用_B5B.png	B5B	B5C		0	0
未使用_B5C.png	B5C	B5D		0	0
未使用_B5D.png	B5D	B5E		0	0
未使用_B5E.png	B5E	B5F		0	0
未使用_B5F.png	B5F	B60		0	0
未使用_B60.png	B60	B61		0	0
未使用_B61.png	B61	B62		0	0
未使用_B62.png	B62	B63		0	0
未使用_B63.png	B63	B64		0	0
未使用_B64.png	B64	B65		0	0
未使用_B65.png	B65	B66		0	0
未使用_B66.png	B66	B67		0	0
未使用_B67.png	B67	B68		0	0
未使用_B68.png	B68	B69		0	0
未使用_B69.png	B69	B6A		0	0
未使用_B6A.png	B6A	B6B		0	0
未使用_B6B.png	B6B	B6C		0	0
未使用_B6C.png	B6C	B6D		0	0
未使用_B6D.png	B6D	B6E		0	0
未使用_B6E.png	B6E	B6F		0	0
未使用_B6F.png	B6F	B70		0	0
未使用_B70.png	B70	B71		0	0
未使用_B71.png	B71	B72		0	0
未使用_B72.png	B72	B73		0	0
未使用_B73.png	B73	B74		0	0
未使用_B74.png	B74	B75		0	0
未使用_B75.png	B75	B76		0	0
未使用_B76.png	B76	B77		0	0
未使用_B77.png	B77	B78		0	0
未使用_B78.png	B78	B79		0	0
未使用_B79.png	B79	B7A		0	0
未使用_B7A.png	B7A	B7B		0	0
未使用_B7B.png	B7B	B7C		0	0
未使用_B7C.png	B7C	B7D		0	0
未使用_B7D.png	B7D	B7E		0	0
未使用_B7E.png	B7E	B7F		0	0
未使用_B7F.png	B7F	B80		0	0
未使用_B80.png	B80	B81		0	0
未使用_B81.png	B81	B82		0	0
未使用_B82.png	B82	B83		0	0
未使用_B83.png	B83	B84		0	0
未使用_B84.png	B84	B85		0	0
未使用_B85.png	B85	B86		0	0
未使用_B86.png	B86	B87		0	0
未使用_B87.png	B87	B88		0	0
未使用_B88.png	B88	B89		0	0
未使用_B89.png	B89	B8A		0	0
未使用_B8A.png	B8A	B8B		0	0
未使用_B8B.png	B8B	B8C		0	0
未使用_B8C.png	B8C	B8D		0	0
未使用_B8D.png	B8D	B8E		0	0
未使用_B8E.png	B8E	B8F		0	0
未使用_B8F.png	B8F	B90		0	0
未使用_B90.png	B90	B91		0	0
未使用_B91.png	B91	B92		0	0
未使用_B92.png	B92	B93		0	0
未使用_B93.png	B93	B94		0	0
未使用_B94.png	B94	B95		0	0
未使用_B95.png	B95	B96		0	0
未使用_B96.png	B96	B97		0	0
未使用_B97.png	B97	B98		0	0
未使用_B98.png	B98	B99		0	0
未使用_B99.png	B99	B9A		0	0
未使用_B9A.png	B9A	B9B		0	0
未使用_B9B.png	B9B	B9C		0	0
未使用_B9C.png	B9C	B9D		0	0
未使用_B9D.png	B9D	B9E		0	0
未使用_B9E.png	B9E	B9F		0	0
未使用_B9F.png	B9F	BA0		0	0
未使用_BA0.png	BA0	BA1		0	0
未使用_BA1.png	BA1	BA2		0	0
未使用_BA2.png	BA2	BA3		0	0
未使用_BA3.png	BA3	BA4		0	0
未使用_BA4.png	BA4	BA5		0	0
未使用_BA5.png	BA5	BA6		0	0
未使用_BA6.png	BA6	BA7		0	0
未使用_BA7.png	BA7	BA8		0	0
未使用_BA8.png	BA8	BA9		0	0
未使用_BA9.png	BA9	BAA		0	0
未使用_BAA.png	BAA	BAB		0	0
未使用_BAB.png	BAB	BAC		0	0
未使用_BAC.png	BAC	BAD		0	0
未使用_BAD.png	BAD	BAE		0	0
未使用_BAE.png	BAE	BAF		0	0
未使用_BAF.png	BAF	BB0		0	0
未使用_BB0.png	BB0	BB1		0	0
未使用_BB1.png	BB1	BB2		0	0
未使用_BB2.png	BB2	BB3		0	0
未使用_BB3.png	BB3	BB4		0	0
未使用_BB4.png	BB4	BB5		0	0
未使用_BB5.png	BB5	BB6		0	0
未使用_BB6.png	BB6	BB7		0	0
未使用_BB7.png	BB7	BB8		0	0
未使用_BB8.png	BB8	BB9		0	0
未使用_BB9.png	BB9	BBA		0	0
未使用_BBA.png	BBA	BBB		0	0
