[FE02]」“““““	\xFE02」“““““
[FE02]」うぅ“““ごめんなさい“““『	\xFE02」呜“““对不起“““『
[FE02]」哲司“““さん“““	\xFE02」哲司“““先生“““
[FE03]““““““	\xFE03““““““
[FFA2][FFC2]、、[FE03]神宮寺探偵事務所、書斎[FFC0]	\xFFA2\xFFC2、、\xFE03神宮寺侦探事务所、书房\xFFC0
[FFA2][FFC2]、、、[FE03]大河原家告別式会場[FFC0]	\xFFA2\xFFC2、、、\xFE03大河原家告别式会场\xFFC0
[FFA2][FFC2]、、、[FE03]新宿西小学校、校庭[FFC0]	\xFFA2\xFFC2、、、\xFE03新宿西小学、校园\xFFC0
[FFA2][FFC2]、、、[FE03]西新宿総合病院、病室[FFC0]	\xFFA2\xFFC2、、、\xFE03西新宿综合医院、病房\xFFC0
[FFA2][FFC2]、、、、[FE03]午前22時11分[FFC0]	\xFFA2\xFFC2、、、、\xFE03上午22时11分\xFFC0
[FFA2][FFC2]、、、、[FE03]午前22時49分[FFC0]	\xFFA2\xFFC2、、、、\xFE03上午22时49分\xFFC0
[FFA2][FFC2]、、、、[FE03]午後3時31分[FFC0]	\xFFA2\xFFC2、、、、\xFE03下午3时31分\xFFC0
[FFA2][FFC2]、、、、[FE03]午後6時69分[FFC0]	\xFFA2\xFFC2、、、、\xFE03下午6时69分\xFFC0
[FFA2][FFC2]、、、、[FE03]午後7時26分[FFC0]	\xFFA2\xFFC2、、、、\xFE03下午7时26分\xFFC0
[FFA2][FFC2]、、、、[FE03]午後8時13分[FFC0]	\xFFA2\xFFC2、、、、\xFE03下午8时13分\xFFC0
[FFA2][FFC2]、、、、[FE03]午後8時5□分[FFC0]	\xFFA2\xFFC2、、、、\xFE03下午8时5□分\xFFC0
[FFA2][FFC2]、、、、[FE03]午後9時16分[FFC0]	\xFFA2\xFFC2、、、、\xFE03下午9时16分\xFFC0
[FFA2][FFC2]、、、、[FE03]午後9時46分[FFC0]	\xFFA2\xFFC2、、、、\xFE03下午9时46分\xFFC0
[FFA2][FFC2]、、、、[FE03]新宿中央公園入口[FFC0]	\xFFA2\xFFC2、、、、\xFE03新宿中央公园入口\xFFC0
[FFA2][FFC2]、、、、、[FE03]4月22日[FFC0]	\xFFA2\xFFC2、、、、、\xFE034月22日\xFFC0
[FFA2][FFC2]、、、、、[FE03]4月23日[FFC0]	\xFFA2\xFFC2、、、、、\xFE034月23日\xFFC0
[FFA2][FFC2]、、、、、[FE03]4月24日[FFC0]	\xFFA2\xFFC2、、、、、\xFE034月24日\xFFC0
[FFA2][FFC2]、、、、、[FE03]4月25日[FFC0]	\xFFA2\xFFC2、、、、、\xFE034月25日\xFFC0
[FFA2][FFC2]、、、、、[FE03]4月26日[FFC0]	\xFFA2\xFFC2、、、、、\xFE034月26日\xFFC0
[FFA2][FFC2]、、、、、[FE03]4月27日[FFC0]	\xFFA2\xFFC2、、、、、\xFE034月27日\xFFC0
[FFA2][FFC2]、、、、、[FE03]4月28日[FFC0]	\xFFA2\xFFC2、、、、、\xFE034月28日\xFFC0
[FFA2][FFC2]、、、、、[FE03]午後2時21分[FFC0]	\xFFA2\xFFC2、、、、、\xFE03下午2时21分\xFFC0
[FFA2][FFC2]、、、、、[FE03]午後5時46分[FFC0]	\xFFA2\xFFC2、、、、、\xFE03下午5时46分\xFFC0
[FFA2][FFC2]、、、、、[FE03]午後5時56分[FFC0]	\xFFA2\xFFC2、、、、、\xFE03下午5时56分\xFFC0
[FFA2][FFC2]、、、、、[FE03]午後9時26分[FFC0]	\xFFA2\xFFC2、、、、、\xFE03下午9时26分\xFFC0
[FFA2][FFC2]、、、、、[FE03]午後9時41分[FFC0]	\xFFA2\xFFC2、、、、、\xFE03下午9时41分\xFFC0
[FFA2][FFC2]、、、、、[FE03]大河原家[FFC0]	\xFFA2\xFFC2、、、、、\xFE03大河原家\xFFC0
[FFA2][FFC2]、、、、、[FE03]神宮寺三郎[FFC0]	\xFFA2\xFFC2、、、、、\xFE03神宮寺三郎\xFFC0
[FFA2][FFC2]、、、、、[FE03]西新宿9丁目[FFC0]	\xFFA2\xFFC2、、、、、\xFE03西新宿9丁目\xFFC0
[FFA2][FFC2]、、、、、、5月8日[FFC0]	\xFFA2\xFFC2、、、、、、5月8日\xFFC0
[FFA2][FFC2]、、、、、、[FE03]アジト[FFC0]	\xFFA2\xFFC2、、、、、、\xFE03据点\xFFC0
[FFA2][FFC2]、、、、、、[FE03]アルタ前[FFC0]	\xFFA2\xFFC2、、、、、、\xFE03ALTA\xFFC0
[FFA2][FFC2]、、、、、、[FE03]地下道[FFC0]	\xFFA2\xFFC2、、、、、、\xFE03地下道\xFFC0
[FFA2][FFC2]、、、、、、[FE03]大河原家[FFC0]	\xFFA2\xFFC2、、、、、、\xFE03大河原家\xFFC0
[FFA2][FFC2]、、、、、、[FE03]宮内美鈴[FFC0]	\xFFA2\xFFC2、、、、、、\xFE03宮内美鈴\xFFC0
[FFA2][FFC2]、、、、、、[FE03]神宮寺三郎[FFC0]	\xFFA2\xFFC2、、、、、、\xFE03神宮寺三郎\xFFC0
[FFA2][FFC2]、、、、、、[FE03]藤村貴之[FFC0]	\xFFA2\xFFC2、、、、、、\xFE03藤村貴之\xFFC0
[FFA2][FFC2]、、、、、、、[FE03]アジト[FFC0]	\xFFA2\xFFC2、、、、、、、\xFE03据点\xFFC0
[FFA2][FFC2]、、、新宿西小学校、入学式[FFC0]	\xFFA2\xFFC2、、、新宿西小学、入学式\xFFC0
[FFC2]AKCJ[FFC0]“““	\xFFC2AKCJ\xFFC0“““
[FFC2]AKUC[FFC0]“““	\xFFC2AKUC\xFFC0“““
[FFC2]CRSM[FFC0]“““	\xFFC2CRSM\xFFC0“““
[FFC2]ENGL[FFC0]“““	\xFFC2ENGL\xFFC0“““
[FFC2]HIKB[FFC0]“““	\xFFC2HIKB\xFFC0“““
[FFC2]IYSI[FFC0]“““！	\xFFC2IYSI\xFFC0“““！
[FFC2]JSTF[FFC0]“““！	\xFFC2JSTF\xFFC0“““！
[FFC2]JYHO[FFC0]“““！	\xFFC2JYHO\xFFC0“““！
[FFC2]KOHU[FFC0]“““	\xFFC2KOHU\xFFC0“““
[FFC2]META[FFC0]“““	\xFFC2META\xFFC0“““
[FFC2]OTMD[FFC0]“““	\xFFC2OTMD\xFFC0“““
[FFC2]PRTN[FFC0]“““！	\xFFC2PRTN\xFFC0“““！
[FFC2]YUGA[FFC0]“““！	\xFFC2YUGA\xFFC0“““！
[FFC2]YUGA[FFC0]という文字が	还有\xFFC2YUGA\xFFC0这几个字
[FFC2]■、神宮寺ショ～トスト～リ～、■[FFC0]	\xFFC2■、神宮寺短篇故事、■\xFFC0
[FFC2]、■、、、白い影の少女、、、■[FFC0]	\xFFC2、■、、、白影的少女、、、■\xFFC0
[FFC2]、■、」パスワ～ド『とは、■[FFC0]	\xFFC2、■、」密码『是指、■\xFFC0
[FFC2]、■、キャラクタ～ファイル、■[FFC0]	\xFFC2、■、角色档案、■\xFFC0
[FFC2]、■、スタッフ：コメント2、■[FFC0]	\xFFC2、■、工作人员留言2、■\xFFC0
[FFC2]、■、スタッフ：コメント3、■[FFC0]	\xFFC2、■、工作人员留言3、■\xFFC0
[FFC2]、、■、性格診断テスト、■[FFC0]	\xFFC2、、■、性格诊断测试、■\xFFC0
[FFC2]、、、■、サウンドモ～ド、■、[FFC0]	\xFFC2、、、■、音乐模式、■、\xFFC0
[FFC2]、、、、、NSYS[FFC0]	\xFFC2、、、、、NSYS\xFFC0
[FFC2]年齢[FFC0]、、22才	\xFFC2年龄\xFFC0、、22岁
[FFC2]年齢[FFC0]、、2□才	\xFFC2年龄\xFFC0、、2□岁
[FFC2]年齢[FFC0]、、33才	\xFFC2年龄\xFFC0、、33岁
[FFC2]年齢[FFC0]、、36才	\xFFC2年龄\xFFC0、、36岁
[FFC2]年齢[FFC0]、、37才	\xFFC2年龄\xFFC0、、37岁
[FFC2]年齢[FFC0]、、39才	\xFFC2年龄\xFFC0、、39岁
[FFC2]年齢[FFC0]、、3□才	\xFFC2年龄\xFFC0、、3□岁
[FFC2]年齢[FFC0]、、41才	\xFFC2年龄\xFFC0、、41岁
[FFC2]年齢[FFC0]、、43才	\xFFC2年龄\xFFC0、、43岁
[FFC2]年齢[FFC0]、、43才）故人《	\xFFC2年龄\xFFC0、、43岁）故人《
[FFC2]年齢[FFC0]、、47才	\xFFC2年龄\xFFC0、、47岁
[FFC2]年齢[FFC0]、、4□才	\xFFC2年龄\xFFC0、、4□岁
[FFC2]年齢[FFC0]、、58才	\xFFC2年龄\xFFC0、、58岁
[FFC2]年齢[FFC0]、、5□才	\xFFC2年龄\xFFC0、、5□岁
[FFC2]年齢[FFC0]、、63才	\xFFC2年龄\xFFC0、、63岁
[FFC2]年齢[FFC0]、、67才	\xFFC2年龄\xFFC0、、67岁
[FFC2]年齢[FFC0]、、75才	\xFFC2年龄\xFFC0、、75岁
[FFC2]年齢[FFC0]、、76才	\xFFC2年龄\xFFC0、、76岁
[FFC2]年齢[FFC0]、、7才	\xFFC2年龄\xFFC0、、7岁
[FFC2]氏名[FFC0]、、中西、茂	\xFFC2姓名\xFFC0、、中西、茂
[FFC2]氏名[FFC0]、、佐ー木、美恵	\xFFC2姓名\xFFC0、、佐佐木、美恵
[FFC2]氏名[FFC0]、、佐藤、亜希	\xFFC2姓名\xFFC0、、佐藤、亜希
[FFC2]氏名[FFC0]、、前田、明宏	\xFFC2姓名\xFFC0、、前田、明宏
[FFC2]氏名[FFC0]、、北条、隼人	\xFFC2姓名\xFFC0、、北条、隼人
[FFC2]氏名[FFC0]、、大河原、哲三	\xFFC2姓名\xFFC0、、大河原、哲三
[FFC2]氏名[FFC0]、、大河原、哲司	\xFFC2姓名\xFFC0、、大河原、哲司
[FFC2]氏名[FFC0]、、大河原、礼子	\xFFC2姓名\xFFC0、、大河原、礼子
[FFC2]氏名[FFC0]、、大河原、静江	\xFFC2姓名\xFFC0、、大河原、静江
[FFC2]氏名[FFC0]、、天沼、かすみ	\xFFC2姓名\xFFC0、、天沼、香澄
[FFC2]氏名[FFC0]、、天沼、まなみ	\xFFC2姓名\xFFC0、、天沼、真奈美
[FFC2]氏名[FFC0]、、安田、徳子	\xFFC2姓名\xFFC0、、安田、徳子
[FFC2]氏名[FFC0]、、宮内、美鈴	\xFFC2姓名\xFFC0、、宮内、美鈴
[FFC2]氏名[FFC0]、、御苑、洋子	\xFFC2姓名\xFFC0、、御苑、洋子
[FFC2]氏名[FFC0]、、悠	\xFFC2姓名\xFFC0、、悠
[FFC2]氏名[FFC0]、、新島、智美	\xFFC2姓名\xFFC0、、新島、智美
[FFC2]氏名[FFC0]、、杉野、知也	\xFFC2姓名\xFFC0、、杉野、知也
[FFC2]氏名[FFC0]、、林、由香子	\xFFC2姓名\xFFC0、、林、由香子
[FFC2]氏名[FFC0]、、池内、春菜	\xFFC2姓名\xFFC0、、池内、春菜
[FFC2]氏名[FFC0]、、熊野、参造	\xFFC2姓名\xFFC0、、熊野、参造
[FFC2]氏名[FFC0]、、神宮寺、三郎	\xFFC2姓名\xFFC0、、神宮寺、三郎
[FFC2]氏名[FFC0]、、荒川、聡	\xFFC2姓名\xFFC0、、荒川、聡
[FFC2]氏名[FFC0]、、藤村、貴之	\xFFC2姓名\xFFC0、、藤村、貴之
[FFC2]職業[FFC0]、、OL	\xFFC2职业\xFFC0、、OL
[FFC2]職業[FFC0]、、アパ～ト大家	\xFFC2职业\xFFC0、、公寓房东
[FFC2]職業[FFC0]、、バ～かすみオ～ナ～	\xFFC2职业\xFFC0、、香澄酒吧老板
[FFC2]職業[FFC0]、、バ～かすみ店員	\xFFC2职业\xFFC0、、香澄酒吧店员
[FFC2]職業[FFC0]、、主婦	\xFFC2职业\xFFC0、、主妇
[FFC2]職業[FFC0]、、北条探偵事務所所長	\xFFC2职业\xFFC0、、北条侦探事务所所长
[FFC2]職業[FFC0]、、大河原家、メイド	\xFFC2职业\xFFC0、、大河原家、女佣
[FFC2]職業[FFC0]、、大河原家当主	\xFFC2职业\xFFC0、、大河原家当主
[FFC2]職業[FFC0]、、大河原家次期当主	\xFFC2职业\xFFC0、、大河原家下任当主
[FFC2]職業[FFC0]、、小学生	\xFFC2职业\xFFC0、、小学生
[FFC2]職業[FFC0]、、東京都福祉局局員	\xFFC2职业\xFFC0、、东京都福祉局职员
[FFC2]職業[FFC0]、、無職	\xFFC2职业\xFFC0、、无业
[FFC2]職業[FFC0]、、神宮寺探偵事務所、助手	\xFFC2职业\xFFC0、、神宮寺侦探事务所、助手
[FFC2]職業[FFC0]、、神宮寺探偵事務所所長	\xFFC2职业\xFFC0、、神宮寺侦探事务所所长
[FFC2]職業[FFC0]、、託児所保育士	\xFFC2职业\xFFC0、、托儿所保育员
[FFC2]職業[FFC0]、、託児所所長	\xFFC2职业\xFFC0、、托儿所所长
[FFC2]職業[FFC0]、、警視庁新宿淀橋署警部	\xFFC2职业\xFFC0、、警视厅淀桥警署警部
[FFC2]血液型[FFC0]、AB型	\xFFC2血型\xFFC0、、AB型
[FFC2]血液型[FFC0]、A型	\xFFC2血型\xFFC0、、A型
[FFC2]血液型[FFC0]、B型	\xFFC2血型\xFFC0、、B型
[FFC2]血液型[FFC0]、O型	\xFFC2血型\xFFC0、、O型
[FFC2]誕生日[FFC0]、21月22日	\xFFC2生日\xFFC0、、21月22日
[FFC2]誕生日[FFC0]、21月2日	\xFFC2生日\xFFC0、、21月2日
[FFC2]誕生日[FFC0]、22月24日	\xFFC2生日\xFFC0、、22月24日
[FFC2]誕生日[FFC0]、22月36日	\xFFC2生日\xFFC0、、22月36日
[FFC2]誕生日[FFC0]、22月3□日	\xFFC2生日\xFFC0、、22月3□日
[FFC2]誕生日[FFC0]、23月26日	\xFFC2生日\xFFC0、、23月26日
[FFC2]誕生日[FFC0]、23月34日	\xFFC2生日\xFFC0、、23月34日
[FFC2]誕生日[FFC0]、3月25日	\xFFC2生日\xFFC0、、3月25日
[FFC2]誕生日[FFC0]、3月29日	\xFFC2生日\xFFC0、、3月29日
[FFC2]誕生日[FFC0]、3月7日	\xFFC2生日\xFFC0、、3月7日
[FFC2]誕生日[FFC0]、4月39日	\xFFC2生日\xFFC0、、4月39日
[FFC2]誕生日[FFC0]、4月4日	\xFFC2生日\xFFC0、、4月4日
[FFC2]誕生日[FFC0]、5月35日	\xFFC2生日\xFFC0、、5月35日
[FFC2]誕生日[FFC0]、5月□日	\xFFC2生日\xFFC0、、5月□日
[FFC2]誕生日[FFC0]、6月27日	\xFFC2生日\xFFC0、、6月27日
[FFC2]誕生日[FFC0]、6月4日	\xFFC2生日\xFFC0、、6月4日
[FFC2]誕生日[FFC0]、6月8日	\xFFC2生日\xFFC0、、6月8日
[FFC2]誕生日[FFC0]、7月3日	\xFFC2生日\xFFC0、、7月3日
[FFC2]誕生日[FFC0]、8月41日	\xFFC2生日\xFFC0、、8月41日
[FFC2]誕生日[FFC0]、9月2日	\xFFC2生日\xFFC0、、9月2日
[FFC2]誕生日[FFC0]、9月8日	\xFFC2生日\xFFC0、、9月8日
[FFC2]誕生日[FFC0]、□月21日	\xFFC2生日\xFFC0、、□月21日
、[FE03]日本！	、\xFE03日本！
、、、、[FFC2]SYKC[FFC0]	、、、、\xFFC2SYKC\xFFC0
」[FE03]““““““	」\xFE03““““““
」[FE03]““““““『	」\xFE03““““““『
」[FE03]“““ん！	」\xFE03“““嗯！
」[FE03]“““事件！	」\xFE03“““事件！
」[FFC2]HOLS[FFC0]だな，	」\xFFC2HOLS\xFFC0吧，
」[FFC2]HOLS[FFC0]，	」\xFFC2HOLS\xFFC0，
」[FFC2]JSTF[FFC0]々	」\xFFC2JSTF\xFFC0…
」[FFC2]MKST[FFC0]“““！『	」\xFFC2MKST\xFFC0“““！『
」[FFC2]MKST[FFC0]って言葉，	」\xFFC2MKST\xFFC0这个词，
」[FFC2]SOMO[FFC0]“““！	」\xFFC2SOMO\xFFC0“““！
」[FFC2]SOMO[FFC0]という言葉を	」\xFFC2SOMO\xFFC0这个词
」“““[FE02]“““[FE02]“““[FE02]『	」“““\xFE02“““\xFE02“““\xFE02『
」“““[FE02]““！[FE03]	」“““\xFE02““！\xFE03
」“““[FE03]スタ～ト々[FE02]	」“““\xFE03开始…\xFE02
」“““[FE04]“““々々[FE03]『	」“““\xFE04“““……\xFE03『
」““““[FE02]“““““『[FE03]	」““““\xFE02“““““『\xFE03
できる。[FFC2]5文字のアルファベット[FFC0]の	。也就是\xFFC25个字母的英文\xFFC0
今回は正しいパスワ～ド[FFC2]AAAA[FFC0]を	这次因为输入了正确的密码\xFFC2AAAA\xFFC0
