eid	off	size	dec	dec_size	table_off	base	strings	codes
0	0	4076	0	4076			0	0
1	4080	5524	1	11247			0	0
2	9616	6312	1	12249			0	0
3	15936	7120	1	14440	5830	1952	311	3228
4	23056	3584	1	7444	3538	1952	148	1367
5	26640	3652	1	7231			0	0
6	30304	5824	1	11105			0	0
7	36128	5588	1	11213			0	0
8	41728	384	1	2338			0	0
9	42112	14552	1	32094	14176	1952	645	6879
10	56672	9400	1	19085			0	0
11	66080	2448	1	5168	2800	1952	90	772
12	68528	6084	1	12968	6254	1952	245	2478
13	74624	5140	1	10050	4546	1952	203	2001
14	79776	13848	1	27341			0	0
15	93632	12680	1	25902	10564	1952	560	5847
16	106320	5176	1	9889			0	0
17	111504	8876	1	17453			0	0
18	120384	384	1	2338			0	0
19	120768	9488	1	19083			0	0
20	130256	6728	1	14776	7356	1952	269	2744
21	136992	11152	1	24831	3292	1952	4	26
22	148144	4748	1	9929			0	0
23	152896	12856	1	26972	11014	1952	584	6085
24	165760	6268	1	13451			0	0
25	172032	11220	1	22801			0	0
26	183264	12320	1	25989			0	0
27	195584	3112	1	6594	3354	1952	121	1115
28	198704	9048	1	18692	7870	1952	406	4051
29	207760	10056	1	20261			0	0
30	217824	8600	1	17370	7160	1952	385	3795
31	226432	9896	1	19792	8040	1952	443	4405
32	236336	6560	1	14513			0	0
33	242896	9328	1	19258	8092	1952	415	4196
34	252224	9692	1	19240	7800	1952	428	4294
35	261920	10988	1	23377			0	0
36	272912	12224	1	24565			0	0
37	285136	14180	1	29940	12508	1952	635	6649
38	299328	7032	1	13982	6254	1952	289	2855
39	306368	9788	1	20177			0	0
40	316160	3828	1	7508	3620	1952	147	1361
41	320000	7056	1	13830	6238	1952	283	2805
42	327056	20928	1	47366	19204	1952	1059	10663
43	347984	6880	1	13547			0	0
44	354864	8868	1	17623			0	0
45	363744	6608	1	13107			0	0
46	370352	6640	1	13246	5794	1952	285	2729
47	376992	6348	1	12630	5602	1952	268	2568
48	383344	6432	1	12556	5576	1952	264	2556
49	389776	8512	1	17127			0	0
50	398288	7572	1	16016	7136	1952	319	3339
51	405872	9312	1	20357			0	0
52	415184	6756	1	13618	6190	1952	285	2715
53	421952	6624	1	13131			0	0
54	428576	6592	1	13061			0	0
55	435168	6400	1	12641			0	0
56	441568	14116	1	29377			0	0
57	455696	5332	1	10112	4264	1952	215	2098
58	461040	9476	1	19251			0	0
59	470528	384	1	2338			0	0
60	470912	13912	1	28208	10962	1952	624	6609
61	484832	14332	1	29504	12586	1952	600	6497
62	499168	10388	1	20149			0	0
63	509568	9192	1	18926	7744	1952	414	4207
64	518768	9304	1	19163			0	0
65	528080	9296	1	19064	7838	1952	415	4213
66	537376	9472	1	19371			0	0
67	546848	9100	1	18601			0	0
68	555952	16204	1	35672	16454	1952	692	7374
69	572160	8976	1	18298	7472	1952	395	4086
70	581136	9340	1	18936	7696	1952	411	4233
71	590480	9076	1	18613			0	0
72	599568	9040	1	18751			0	0
73	608608	12196	1	24699			0	0
74	620816	11716	1	23990	9788	1952	522	5388
75	632544	11240	1	22876	9444	1952	495	5084
76	643792	11724	1	23790	9616	1952	521	5377
77	655520	10552	1	21835			0	0
78	666080	3568	1	7152	3578	1952	134	1243
79	669648	12936	1	27317			0	0
80	682592	20928	1	47371			0	0
81	703520	12700	1	26839			0	0
82	716224	14224	1	30556	14500	1952	593	6102
83	730448	14196	1	30435			0	0
84	744656	16580	1	35384	15992	1952	708	7422
85	761248	14104	1	30341			0	0
86	775360	12192	1	25797			0	0
87	787552	9320	1	19275			0	0
88	796880	16524	1	36958	17156	1952	712	7612
89	813408	4396	1	9711			0	0
90	817808	14544	1	30620	14968	1952	574	5957
91	832352	11868	1	25161			0	0
92	844224	12256	1	26022	12322	1952	503	5197
93	856480	12056	1	25754	12162	1952	501	5149
94	868544	12176	1	25871			0	0
95	880720	13680	1	28948	13258	1952	585	5946
96	894400	12160	1	25772	12148	1952	502	5162
97	906560	12068	1	25694	12182	1952	498	5118
98	918640	12020	1	25470	12048	1952	496	5079
99	930672	12164	1	25735			0	0
100	942848	16012	1	33546	14564	1952	689	7280
101	958864	13080	1	28536	13966	1952	527	5554
102	971952	12740	1	26513			0	0
103	984704	3952	1	7808	3600	1952	157	1491
104	988656	7296	1	14589			0	0
105	995952	384	1	2338			0	0
106	996336	12792	1	26486	11124	1952	559	5854
107	1009136	5832	1	11810	5424	1952	240	2319
108	1014976	11028	1	21826	8718	1952	471	4979
109	1026016	7492	1	14922	6514	1952	320	3100
110	1033520	6892	1	13971			0	0
111	1040416	7380	1	14794	6516	1952	314	3042
112	1047808	7048	1	14179			0	0
113	1054864	11424	1	22191			0	0
114	1066288	6812	1	13633			0	0
115	1073104	7104	1	14049			0	0
116	1080208	14408	1	30169			0	0
117	1094624	6672	1	13449			0	0
118	1101296	7760	1	15551			0	0
119	1109056	6816	1	13663			0	0
120	1115872	6664	1	13396	5868	1952	283	2773
121	1122544	6632	1	13235			0	0
122	1129184	6744	1	13468	5796	1952	287	2833
123	1135936	8104	1	16159			0	0
124	1144048	3484	1	6936	3436	1952	134	1206
125	1147536	6028	1	12154	5590	1952	246	2402
126	1153568	20932	1	47371			0	0
127	1174512	5956	1	12059			0	0
128	1180480	17776	1	39281			0	0
129	1198256	6392	1	13495			0	0
130	1204656	6416	1	13636	6636	1952	267	2557
131	1211072	6156	1	13036	6444	1952	251	2401
132	1217232	5508	1	11048	5110	1952	226	2149
133	1222752	7388	1	15123			0	0
134	1230144	5008	1	10352	5248	1952	186	1840
135	1235152	5392	1	10801			0	0
136	1240544	5212	1	10493			0	0
137	1245760	5428	1	10942	5034	1952	224	2140
138	1251200	5408	1	11018	5082	1952	226	2148
139	1256608	10020	1	20655			0	0
140	1266640	5436	1	11117			0	0
141	1272080	5632	1	11259			0	0
142	1277712	5412	1	10972	5132	1952	223	2109
143	1283136	5324	1	10729			0	0
144	1288464	5504	1	10985			0	0
145	1293968	5488	1	11008	5078	1952	225	2148
146	1299456	10148	1	21010	9418	1952	432	4358
147	1309616	3952	1	7711			0	0
148	1313568	5956	1	11757			0	0
149	1319536	384	1	2338			0	0
150	1319920	8608	1	18652	8884	1952	363	3651
151	1328528	5184	1	10209			0	0
152	1333712	3976	1	8065			0	0
153	1337696	5536	1	11114	4864	1952	240	2263
154	1343232	5684	1	11385			0	0
155	1348928	5672	1	11286	4958	1952	243	2280
156	1354608	5844	1	11587			0	0
157	1360464	5440	1	10775			0	0
158	1365904	8412	1	16289			0	0
159	1374320	5308	1	10486	4592	1952	221	2142
160	1379632	5712	1	11168	4816	1952	239	2305
161	1385344	5424	1	10839			0	0
162	1390768	5432	1	10941			0	0
163	1396208	5576	1	11045			0	0
164	1401792	5428	1	10792	4832	1952	227	2157
165	1407232	5360	1	10589			0	0
166	1412592	5508	1	10850	4760	1952	230	2213
167	1418112	7252	1	16537			0	0
168	1425376	13836	1	29244	12420	1952	601	6453
169	1439216	11092	1	22887			0	0
170	1450320	13900	1	27596	11026	1952	609	6308
171	1464224	3448	1	6905			0	0
172	1467680	6000	1	11872	5368	1952	241	2387
173	1473680	20932	1	47371			0	0
174	1494624	5864	1	11708	5086	1952	247	2416
175	1500496	7984	1	16370	7684	1952	323	3230
176	1508480	8028	1	16502	7690	1952	326	3284
177	1516512	8080	1	16655			0	0
178	1524592	21316	1	48327			0	0
179	1545920	5432	1	10713			0	0
180	1551360	5540	1	11021			0	0
181	1556912	3948	1	7879			0	0
182	1560864	5196	1	10313			0	0
183	1566064	5300	1	10563			0	0
184	1571376	7024	1	13913			0	0
185	1578400	5340	1	10662	4878	1952	217	2099
186	1583744	5348	1	10752	4860	1952	222	2138
187	1589104	5484	1	10829			0	0
188	1594592	5300	1	10621			0	0
189	1599904	5232	1	10378	4752	1952	212	2035
190	1605136	5392	1	10636	4810	1952	218	2117
191	1610528	18148	1	38069			0	0
192	1628688	3988	1	7770	3620	1952	155	1468
193	1632688	8244	1	16387			0	0
194	1640944	384	1	2338			0	0
195	1641328	6996	1	13859			0	0
196	1648336	5780	1	12276	6358	1952	217	2149
197	1654128	4748	1	9333			0	0
198	1658880	15668	1	32830	14506	1952	670	6984
199	1674560	7456	1	15188	6656	1952	321	3161
200	1682016	7464	1	15109			0	0
201	1689488	7652	1	15396	6642	1952	330	3245
202	1697152	10936	1	21807			0	0
203	1708096	7336	1	14856	6498	1952	313	3086
204	1715440	11164	1	22933			0	0
205	1726608	7484	1	14969			0	0
206	1734096	7856	1	15705			0	0
207	1741952	13264	1	29304	13590	1952	574	5991
208	1755216	7388	1	14894	6502	1952	316	3106
209	1762608	7196	1	14617			0	0
210	1769808	7144	1	14424	6336	1952	303	2993
211	1776960	9456	1	19082	8108	1952	406	4127
212	1786416	8800	1	18772	9282	1952	355	3530
213	1795216	4136	1	8186	3754	1952	166	1576
214	1799360	8620	1	17764	7626	1952	375	3802
215	1807984	20932	1	47371			0	0
216	1828928	8476	1	17585			0	0
217	1837408	17932	1	39313			0	0
218	1855344	13340	1	28045			0	0
219	1868688	12992	1	27256	11368	1952	585	6045
220	1881680	11352	1	23973			0	0
221	1893040	8036	1	16596	7050	1952	357	3560
222	1901088	8136	1	16806	7142	1952	361	3607
223	1909232	3248	1	6615			0	0
224	1912480	8976	1	18763			0	0
225	1921456	11848	1	24844	10916	1952	512	5284
226	1933312	7932	1	16562	7022	1952	357	3557
227	1941248	8020	1	16557			0	0
228	1949280	10716	1	23030	10182	1952	475	4845
229	1960000	8080	1	16710	7094	1952	359	3589
230	1968080	7964	1	16490	7072	1952	352	3511
231	1976048	7888	1	16261			0	0
232	1983936	8012	1	16533			0	0
233	1991952	7732	1	15811			0	0
234	1999696	384	1	2338			0	0
235	2000080	384	1	2338			0	0
236	2000464	384	1	2338			0	0
237	2000848	384	1	2338			0	0
238	2001232	384	1	2338			0	0
239	2001616	384	1	2338			0	0
240	2002000	15032	1	34250	15540	1952	676	7127
241	2017040	384	1	2338			0	0
242	2017424	384	1	2338			0	0
243	2017808	384	1	2338			0	0
244	2018192	384	1	2338			0	0
245	2018576	384	1	2338			0	0
246	2018960	3096	1	6534	3372	1952	103	1038
247	2022064	384	1	2338			0	0
248	2022448	384	1	2338			0	0
249	2022832	384	1	2338			0	0
250	2023216	384	1	2338			0	0
251	2023600	384	1	2338			0	0
252	2023984	384	1	2338			0	0
253	2024368	5736	1	11003			0	0
254	2030112	9368	1	20589			0	0
255	2039488	384	1	2338			0	0
256	2039872	2848	1	6596	3394	1952	109	1077
257	2042720	9456	1	19671			0	0
258	2052176	3588	1	7774	3982	1952	145	1319
259	2055776	3588	1	7774	3982	1952	145	1319
260	2059376	3588	1	7774	3982	1952	145	1319
261	2062976	5304	1	11404	5950	1952	202	1979
262	2068288	3608	1	7558	3960	1952	139	1240
263	2071904	3644	1	7607			0	0
264	2075552	1332	1	3724	2462	1952	36	381
265	2076896	3376	1	7157			0	0
266	2080272	4772	1	10021			0	0
267	2085056	5420	1	11129			0	0
268	2090480	3648	1	7635			0	0
269	2094128	676	1	2652	2164	1952	8	78
270	2094816	2352	1	5477			0	0
271	2097168	384	1	2338			0	0
272	2097552	3768	1	8630	4946	1952	118	1237
273	2101328	3056	1	6511			0	0
274	2104384	384	1	2338			0	0
275	2104768	384	1	2338			0	0
276	2105152	5392	1	14100	8712	1952	200	1947
277	2110544	2632	1	5915			0	0
278	2113184	2184	1	5403			0	0
279	2115376	9240	1	22378	11846	1952	372	3997
280	2124624	4988	1	11638	5614	1952	213	2181
281	2129616	3508	1	7039			0	0
282	2133136	600	1	2645			0	0
283	2133744	828	1	3013			0	0
284	2134576	688	1	2768	2138	1952	15	128
285	2135264	1412	1	4512	2966	1952	53	472
286	2136688	1412	1	4509			0	0
287	2138112	1676	1	5194	3292	1952	68	605
288	2139792	1780	1	5356	3394	1952	70	629
289	2141584	1676	1	5194	3292	1952	68	605
290	2143264	1676	1	5194	3292	1952	68	605
291	2144944	1672	1	5194	3292	1952	68	605
292	2146624	1672	1	5194	3292	1952	68	605
293	2148304	1676	1	5194	3292	1952	68	605
294	2149984	1800	1	5440	3462	1952	70	637
295	2151792	1748	1	5371			0	0
296	2153552	688	1	2768	2138	1952	15	128
297	2154240	2892	1	6586	3690	1952	103	984
298	2157136	2328	1	5656	3322	1952	87	762
299	2159472	2452	1	5791			0	0
300	2161936	1956	1	4676	2606	1952	70	683
301	2163904	1872	1	5069			0	0
302	2165776	2400	1	5688	3112	1952	92	870
303	2168176	1808	1	4720	3050	1952	57	522
304	2169984	3024	1	7884	4886	1952	110	1027
305	2173008	1824	1	4685			0	0
306	2174832	2092	1	5340	3072	1952	75	767
307	2176928	1324	1	3802	2472	1952	44	391
308	2178256	2020	1	5217			0	0
309	2180288	1700	1	4471			0	0
310	2182000	1416	1	3901			0	0
311	2183424	1348	1	3852	2596	1952	39	341
312	2184784	1700	1	4606	2886	1952	58	544
313	2186496	1432	1	3886	2440	1952	53	422
314	2187936	10980	1	22856	6676	1952	363	3538
315	2198928	3932	1	7349			0	0
316	2202864	1488	1	4873			0	0
317	2204352	1664	1	4913			0	0
318	2206016	1472	1	4984	3618	1952	37	365
319	2207488	1604	1	4970	3628	1952	37	353
320	2209104	1640	1	5195			0	0
321	2210752	1296	1	4300	3036	1952	36	317
322	2212048	1444	1	4484	3048	1952	40	391
323	2213504	1140	1	3843			0	0
324	2214656	1808	1	5833			0	0
325	2216464	1756	1	5605			0	0
326	2218224	1780	1	5769			0	0
327	2220016	1764	1	5767			0	0
328	2221792	1780	1	5655			0	0
329	2223584	1892	1	5951			0	0
330	2225488	1856	1	5779			0	0
331	2227344	1780	1	5697			0	0
332	2229136	1844	1	5925			0	0
333	2230992	1808	1	5723			0	0
334	2232800	1708	1	5453			0	0
335	2234512	1656	1	5589			0	0
336	2236176	1840	1	5787			0	0
337	2238016	1752	1	5655			0	0
338	2239776	1336	1	4543			0	0
339	2241120	1116	1	3633			0	0
340	2242240	1736	1	5545			0	0
341	2243984	1740	1	5585			0	0
342	2245728	1736	1	5597			0	0
343	2247472	1772	1	5805			0	0
344	2249248	1796	1	5797			0	0
345	2251056	1884	1	5911			0	0
346	2252944	1672	1	5425			0	0
347	2254624	1760	1	5755			0	0
348	2256384	1632	1	5355			0	0
349	2258016	1728	1	5617			0	0
350	2259744	1764	1	5679			0	0
351	2261520	1764	1	5699			0	0
352	2263296	1740	1	5619			0	0
353	2265040	1804	1	5731			0	0
354	2266848	824	1	3142	2538	1952	15	92
355	2267680	1736	1	5719			0	0
356	2269424	1816	1	5695			0	0
357	2271248	1740	1	5589			0	0
358	2272992	960	1	3361			0	0
359	2273952	1052	1	3496	2524	1952	27	231
360	2275008	1760	1	5627			0	0
361	2276768	908	1	3285			0	0
362	2277680	1760	1	5593			0	0
363	2279440	1716	1	5479			0	0
364	2281168	1748	1	5681			0	0
365	2282928	1712	1	5715			0	0
366	2284640	1732	1	5731			0	0
367	2286384	1828	1	5797			0	0
368	2288224	1788	1	5897			0	0
369	2290016	1152	1	3793			0	0
370	2291168	1068	1	3667			0	0
371	2292240	1728	1	5507			0	0
372	2293968	1884	1	6039			0	0
373	2295856	1788	1	5711			0	0
374	2297648	1768	1	5541			0	0
375	2299424	1788	1	5751			0	0
376	2301216	1736	1	5587			0	0
377	2302960	1716	1	5401			0	0
378	2304688	1184	1	3811			0	0
379	2305872	1736	1	5729			0	0
380	2307616	1160	1	3784	2764	1952	31	243
381	2308784	1816	1	5807			0	0
382	2310608	1732	1	5597			0	0
383	2312352	1736	1	5601			0	0
384	2314096	1740	1	5617			0	0
385	2315840	1720	1	5549			0	0
386	2317568	1036	1	3465			0	0
387	2318608	1780	1	5655			0	0
388	2320400	1740	1	5591			0	0
389	2322144	1784	1	5678	4164	1952	48	433
390	2323936	1736	1	5667			0	0
391	2325680	1700	1	5650	4126	1952	47	441
392	2327392	1760	1	5677			0	0
393	2329152	1656	1	5489			0	0
394	2330816	1720	1	5551			0	0
395	2332544	1840	1	5933			0	0
396	2334384	1740	1	5511			0	0
397	2336128	1828	1	5702	4132	1952	49	458
398	2337968	1736	1	5679			0	0
399	2339712	1812	1	5809			0	0
400	2341536	1776	1	5665			0	0
401	2343312	1708	1	5633			0	0
402	2345024	1760	1	5553			0	0
403	2346784	1780	1	5609			0	0
404	2348576	1728	1	5507			0	0
405	2350304	1776	1	5607			0	0
406	2352080	1784	1	5575			0	0
407	2353872	1804	1	5692	4152	1952	49	443
408	2355680	1844	1	5839			0	0
409	2357536	1780	1	5619			0	0
410	2359328	1784	1	5777			0	0
411	2361120	1252	1	3908	2764	1952	36	290
412	2362384	1808	1	5839			0	0
413	2364192	1808	1	5581			0	0
414	2366000	1852	1	5893			0	0
415	2367856	1880	1	5858	4148	1952	51	522
416	2369744	1408	1	4510	3266	1952	40	328
417	2371152	1204	1	3547			0	0
418	2372368	1388	1	3551			0	0
419	2373760	1064	1	3112	2164	1952	19	183
420	2374832	1308	1	3441			0	0
421	2376144	1616	1	4009			0	0
422	2377760	1740	1	4040	2312	1952	42	461
423	2379504	1296	1	3416	2194	1952	26	301
424	2380800	1840	1	4315			0	0
425	2382640	1608	1	3958	2296	1952	38	414
426	2384256	1492	1	3796	2280	1952	33	364
427	2385760	1544	1	3785			0	0
428	2387312	1860	1	4288	2346	1952	49	535
429	2389184	1020	1	3058	2160	1952	18	173
430	2390208	1364	1	3572	2250	1952	27	290
431	2391584	1580	1	3888	2296	1952	38	385
432	2393168	984	1	3176	2148	1952	23	227
433	2394160	5896	1	12754	4674	1952	295	2938
434	2400064	1920	1	4437			0	0
435	2401984	3436	1	6896	2742	1952	141	1467
436	2405424	712	1	2818	2272	1952	12	73
437	2406144	5476	1	12029			0	0
438	2411632	1184	1	3388	2282	1952	30	321
439	2412816	812	1	2915			0	0
440	2413632	1476	1	3975			0	0
441	2415120	640	1	2653			0	0
442	2415760	1040	1	3343			0	0
443	2416800	1688	1	4371			0	0
444	2418496	732	1	2834	2088	1952	19	174
445	2419232	864	1	3014	2234	1952	20	188
446	2420096	632	1	2646	2086	1952	10	108
447	2420736	1524	1	4208	2376	1952	54	612
448	2422272	1020	1	3155			0	0
449	2423296	1280	1	3612	2230	1952	39	432
450	2424576	1108	1	3535			0	0
451	2425696	1220	1	3714	2434	1952	38	384
452	2426928	1324	1	4007			0	0
453	2428256	568	1	2586	2088	1952	8	83
454	2428832	504	1	2507			0	0
455	2429344	620	1	2661			0	0
456	2429968	772	1	2907			0	0
457	2430752	964	1	3228	2278	1952	27	252
458	2431728	2024	1	5216	2632	1952	85	895
459	2433760	1456	1	5638	4864	1952	21	182
460	2435216	1184	1	4451			0	0
461	2436400	556	1	2794	2424	1952	5	28
462	2436960	2072	1	5161			0	0
463	2439040	1348	1	3828	2388	1952	43	449
464	2440400	1548	1	4061			0	0
465	2441952	840	1	2903			0	0
466	2442800	1652	1	3978	2484	1952	60	411
467	2444464	396	1	2362			0	0
468	2444864	588	1	2594	2062	1952	8	100
469	2445456	316	1	2268			0	0
470	2445776	316	1	2268			0	0
471	2446096	316	1	2268			0	0
472	2446416	316	1	2268			0	0
473	2446736	316	1	2268			0	0
474	2447056	316	1	2268			0	0
475	2447376	316	1	2268			0	0
476	2447696	316	1	2268			0	0
477	2448016	316	1	2268			0	0
478	2448336	316	1	2268			0	0
479	2448656	316	1	2268			0	0
480	2448976	1332	1	3857			0	0
481	2450320	316	1	2268			0	0
482	2450640	580	1	2628	2148	1952	9	71
483	2451232	908	1	3135			0	0
484	2452144	316	1	2268			0	0
485	2452464	316	1	2268			0	0
486	2452784	316	1	2268			0	0
487	2453104	316	1	2268			0	0
488	2453424	1564	1	4249			0	0
489	2454992	316	1	2268			0	0
490	2455312	1296	1	5311			0	0
491	2456608	1112	1	4373			0	0
492	2457728	316	1	2268			0	0
493	2458048	316	1	2268			0	0
494	2458368	316	1	2268			0	0
495	2458688	316	1	2268			0	0
496	2459008	316	1	2268			0	0
497	2459328	316	1	2268			0	0
498	2459648	316	1	2268			0	0
499	2459968	316	1	2268			0	0
500	2460288	5776	1	13813			0	0
501	2466064	7104	1	16504	7056	1952	341	3517
502	2473168	8312	1	19785			0	0
503	2481488	9176	1	21139			0	0
504	2490672	7208	1	17459			0	0
505	2497888	6616	1	15219			0	0
506	2504512	5644	1	13229			0	0
507	2510160	468	1	2434	2020	1952	5	50
508	2510640	320	1	2271			0	0
509	2510960	332	1	2277			0	0
530	2511296	2112	0	2112			0	0
531	2513408	3136	0	3136			0	0
532	2516544	1232	0	1232			0	0
533	2517776	1232	0	1232			0	0
534	2519008	1232	0	1232			0	0
535	2520240	1232	0	1232			0	0
536	2521472	26720	0	26720			0	0
537	2548192	1312	0	1312			0	0
538	2549504	13696	0	13696			0	0
539	2563200	256	0	256			0	0
540	2563456	256	0	256			0	0
541	2563712	13440	0	13440			0	0
542	2577152	1440	0	1440			0	0
543	2578592	2624	0	2624			0	0
544	2581216	1312	0	1312			0	0
545	2582528	1568	0	1568			0	0
546	2584096	19648	0	19648			0	0
547	2603744	1308	0	1308			0	0
548	2605056	1308	0	1308			0	0
549	2606368	176	0	176			0	0
550	2606544	23792	0	23792			0	0
551	2630336	428	0	428			0	0
552	2630768	428	0	428			0	0
553	2631200	25728	0	25728			0	0
554	2656928	1232	0	1232			0	0
555	2658160	1232	0	1232			0	0
556	2659392	1232	0	1232			0	0
557	2660624	1568	0	1568			0	0
558	2662192	76	0	76			0	0
559	2662272	13440	0	13440			0	0
560	2675712	1652	0	1652			0	0
561	2677376	1652	0	1652			0	0
562	2679040	13696	0	13696			0	0
563	2692736	256	0	256			0	0
564	2692992	256	0	256			0	0
565	2693248	14496	0	14496			0	0
566	2707744	1232	0	1232			0	0
567	2708976	1232	0	1232			0	0
568	2710208	1232	0	1232			0	0
569	2711440	1232	0	1232			0	0
570	2712672	1232	0	1232			0	0
571	2713904	872	0	872			0	0
572	2714784	872	0	872			0	0
576	2715664	448	0	448			0	0
577	2716112	14728	0	14728			0	0
578	2730848	14728	0	14728			0	0
579	2745584	29120	0	29120			0	0
580	2774704	872	0	872			0	0
581	2775584	14728	0	14728			0	0
582	2790320	14784	0	14784			0	0
583	2805104	872	0	872			0	0
584	2805984	3136	0	3136			0	0
585	2809120	17792	0	17792			0	0
586	2826912	1652	0	1652			0	0
587	2828576	19796	0	19796			0	0
588	2848384	356	0	356			0	0
590	2848752	18560	0	18560			0	0
591	2867312	1232	0	1232			0	0
592	2868544	832	0	832			0	0
593	2869376	1568	0	1568			0	0
594	2870944	3104	0	3104			0	0
595	2874048	3104	0	3104			0	0
596	2877152	3104	0	3104			0	0
597	2880256	3104	0	3104			0	0
598	2883360	3104	0	3104			0	0
599	2886464	3104	0	3104			0	0
600	2889568	3104	0	3104			0	0
601	2892672	5216	0	5216			0	0
602	2897888	13696	0	13696			0	0
603	2911584	256	0	256			0	0
604	2911840	256	0	256			0	0
605	2912096	352	0	352			0	0
606	2912448	3136	0	3136			0	0
607	2915584	4128	0	4128			0	0
609	2919712	20768	0	20768			0	0
610	2940480	1352	0	1352			0	0
611	2941840	13696	0	13696			0	0
612	2955536	256	0	256			0	0
613	2955792	256	0	256			0	0
614	2956048	11360	0	11360			0	0
615	2967408	1232	0	1232			0	0
616	2968640	11360	0	11360			0	0
617	2980000	1232	0	1232			0	0
618	2981232	16736	0	16736			0	0
619	2997968	1232	0	1232			0	0
620	2999200	14528	0	14528			0	0
621	3013728	1232	0	1232			0	0
622	3014960	19680	0	19680			0	0
623	3034640	1232	0	1232			0	0
624	3035872	68	0	68			0	0
625	3035952	72	0	72			0	0
626	3036032	72	0	72			0	0
627	3036112	56	0	56			0	0
628	3036176	64	0	64			0	0
629	3036240	192	0	192			0	0
630	3036432	192	0	192			0	0
631	3036624	4912	0	4912			0	0
632	3041536	7232	0	7232			0	0
633	3048768	4912	0	4912			0	0
634	3053680	7352	0	7352			0	0
635	3061040	4912	0	4912			0	0
636	3065952	4912	0	4912			0	0
637	3070864	544	0	544			0	0
670	3071408	392	0	392			0	0
671	3071808	392	0	392			0	0
672	3072208	392	0	392			0	0
673	3072608	392	0	392			0	0
674	3073008	392	0	392			0	0
675	3073408	392	0	392			0	0
676	3073808	392	0	392			0	0
677	3074208	392	0	392			0	0
678	3074608	392	0	392			0	0
679	3075008	392	0	392			0	0
680	3075408	392	0	392			0	0
681	3075808	3136	0	3136			0	0
682	3078944	192	0	192			0	0
683	3079136	864	0	864			0	0
684	3080000	1760	0	1760			0	0
685	3081760	4448	0	4448			0	0
686	3086208	2592	0	2592			0	0
687	3088800	416	0	416			0	0
688	3089216	416	0	416			0	0
689	3089632	416	0	416			0	0
690	3090048	352	0	352			0	0
691	3090400	64	0	64			0	0
692	3090464	160	0	160			0	0
693	3090624	3264	0	3264			0	0
694	3093888	544	0	544			0	0
695	3094432	544	0	544			0	0
696	3094976	544	0	544			0	0
697	3095520	544	0	544			0	0
698	3096064	416	0	416			0	0
699	3096480	224	0	224			0	0
700	3096704	128	0	128			0	0
701	3096832	128	0	128			0	0
702	3096960	6272	0	6272			0	0
703	3103232	692	0	692			0	0
704	3103936	692	0	692			0	0
705	3104640	416	0	416			0	0
706	3105056	448	0	448			0	0
707	3105504	416	0	416			0	0
708	3105920	64	0	64			0	0
709	3105984	64	0	64			0	0
710	3106048	29856	0	29856			0	0
711	3135904	3104	0	3104			0	0
712	3139008	736	0	736			0	0
713	3139744	608	0	608			0	0
714	3140352	608	0	608			0	0
715	3140960	672	0	672			0	0
716	3141632	608	0	608			0	0
717	3142240	544	0	544			0	0
718	3142784	608	0	608			0	0
719	3143392	416	0	416			0	0
720	3143808	160	0	160			0	0
721	3143968	160	0	160			0	0
722	3144128	160	0	160			0	0
723	3144288	160	0	160			0	0
724	3144448	224	0	224			0	0
725	3144672	192	0	192			0	0
726	3144864	96	0	96			0	0
729	3144960	160	0	160			0	0
730	3145120	96	0	96			0	0
731	3145216	64	0	64			0	0
732	3145280	8704	0	8704			0	0
733	3153984	1232	0	1232			0	0
734	3155216	1232	0	1232			0	0
736	3156448	1232	0	1232			0	0
737	3157680	1232	0	1232			0	0
738	3158912	1232	0	1232			0	0
739	3160144	1232	0	1232			0	0
740	3161376	1232	0	1232			0	0
741	3162608	1232	0	1232			0	0
742	3163840	1232	0	1232			0	0
743	3165072	640	0	640			0	0
744	3165712	2080	0	2080			0	0
745	3168912	640	0	640			0	0
746	3169552	352	0	352			0	0
747	3169904	3136	0	3136			0	0
748	3173040	3136	0	3136			0	0
749	3176176	3136	0	3136			0	0
750	3179312	2112	0	2112			0	0
751	3181424	1056	0	1056			0	0
752	5315616	6176	0	6176			0	0
753	3182480	192	0	192			0	0
754	3182672	512	0	512			0	0
755	3183184	512	0	512			0	0
756	3183696	512	0	512			0	0
757	3184208	512	0	512			0	0
758	3184720	512	0	512			0	0
759	3185232	512	0	512			0	0
760	3185744	512	0	512			0	0
761	3186256	512	0	512			0	0
762	3186768	512	0	512			0	0
763	3187280	2112	0	2112			0	0
764	3189392	2080	0	2080			0	0
765	3191472	160	0	160			0	0
766	3191632	416	0	416			0	0
767	3192048	576	0	576			0	0
768	3192624	1056	0	1056			0	0
769	3193680	256	0	256			0	0
770	3193936	392	0	392			0	0
771	3194336	392	0	392			0	0
772	3194736	392	0	392			0	0
773	3195136	392	0	392			0	0
774	3195536	392	0	392			0	0
775	3195936	392	0	392			0	0
776	3196336	392	0	392			0	0
777	3196736	392	0	392			0	0
778	3197136	392	0	392			0	0
779	3197536	392	0	392			0	0
780	3197936	392	0	392			0	0
781	3198336	392	0	392			0	0
782	3198736	392	0	392			0	0
783	3199136	392	0	392			0	0
784	3199536	392	0	392			0	0
785	3199936	392	0	392			0	0
786	3200336	392	0	392			0	0
787	3200736	392	0	392			0	0
788	3201136	392	0	392			0	0
789	3201536	392	0	392			0	0
790	3201936	392	0	392			0	0
791	3202336	392	0	392			0	0
792	3202736	392	0	392			0	0
793	3203136	392	0	392			0	0
794	3203536	392	0	392			0	0
795	3203936	392	0	392			0	0
796	3204336	392	0	392			0	0
797	3204736	392	0	392			0	0
798	3205136	392	0	392			0	0
799	3205536	192	0	192			0	0
800	3205728	2112	0	2112			0	0
801	3207840	2112	0	2112			0	0
802	3209952	2112	0	2112			0	0
803	3212064	2112	0	2112			0	0
804	3214176	2112	0	2112			0	0
805	3216288	2112	0	2112			0	0
806	3218400	2112	0	2112			0	0
807	3220512	2112	0	2112			0	0
808	3222624	2112	0	2112			0	0
809	3224736	2112	0	2112			0	0
810	3226848	2112	0	2112			0	0
816	3228960	872	0	872			0	0
817	3229840	182	0	182			0	0
818	3230032	872	0	872			0	0
819	3230912	182	0	182			0	0
820	3231104	872	0	872			0	0
821	3231984	182	0	182			0	0
822	3232176	872	0	872			0	0
823	3233056	182	0	182			0	0
824	3233248	872	0	872			0	0
825	3234128	182	0	182			0	0
826	3234320	872	0	872			0	0
827	3235200	182	0	182			0	0
828	3235392	872	0	872			0	0
829	3236272	182	0	182			0	0
832	3167792	1120	0	1120			0	0
833	3236752	640	0	640			0	0
835	3236464	288	0	288			0	0
836	3237392	288	0	288			0	0
837	3237680	288	0	288			0	0
840	3237968	1962900	0	1962900			0	0
842	5200880	106528	0	106528			0	0
844	5307408	224	0	224			0	0
846	5307632	160	0	160			0	0
848	5307792	1616	0	1616			0	0
849	5309408	6208	0	6208			0	0
850	5321792	218112	0	218112			0	0
851	5539904	1704	0	1704			0	0
852	5541616	316480	0	316480			0	0
853	5858096	37968	0	37968			0	0
854	5896064	49780	0	49780			0	0
855	5945856	80	0	80			0	0
862	5945936	10380	0	10380			0	0
863	5956320	1536	0	1536			0	0
864	5957856	9968	0	9968			0	0
865	5967824	8540	0	8540			0	0
866	5976368	15204	0	15204			0	0
867	5991584	7588	0	7588			0	0
868	5999184	7808	0	7808			0	0
869	6006992	3648	0	3648			0	0
870	6010640	5440	0	5440			0	0
871	6016080	1088	0	1088			0	0
872	6017168	7428	0	7428			0	0
878	6024608	29120	0	29120			0	0
879	6053728	872	0	872			0	0
880	6054608	648	0	648			0	0
881	6055264	29120	0	29120			0	0
882	6084384	872	0	872			0	0
883	6085264	872	0	872			0	0
884	6086144	1600	0	1600			0	0
885	6087744	2624	0	2624			0	0
889	6090368	15808	0	15808			0	0
890	6106176	13280	0	13280			0	0
891	6119456	704	0	704			0	0
892	6120160	1056	0	1056			0	0
893	6121216	1056	0	1056			0	0
894	6122272	1056	0	1056			0	0
895	6123328	15808	0	15808			0	0
896	6139136	15456	0	15456			0	0
897	6154592	788	0	788			0	0
898	6155392	1056	0	1056			0	0
899	6156448	1056	0	1056			0	0
900	6157504	1056	0	1056			0	0
901	6158560	25024	0	25024			0	0
902	6183584	13792	0	13792			0	0
903	6197376	1292	0	1292			0	0
904	6198672	1056	0	1056			0	0
905	6199728	1056	0	1056			0	0
906	6200784	1056	0	1056			0	0
907	6201840	512	0	512			0	0
908	6202352	4654	0	4654			0	0
909	6207008	4672	0	4672			0	0
910	6211680	4672	0	4672			0	0
911	6216352	2112	0	2112			0	0
912	6218464	2080	0	2080			0	0
913	6220544	2080	0	2080			0	0
914	6222624	2080	0	2080			0	0
915	6224704	2080	0	2080			0	0
916	6226784	2080	0	2080			0	0
917	6228864	12352	0	12352			0	0
918	6241216	24384	0	24384			0	0
919	6265600	7712	0	7712			0	0
920	6273312	1600	0	1600			0	0
921	6274912	1600	0	1600			0	0
922	6276512	1600	0	1600			0	0
923	6278112	1600	0	1600			0	0
924	6279712	1600	0	1600			0	0
925	6281312	1600	0	1600			0	0
926	6282912	1600	0	1600			0	0
927	6284512	832	0	832			0	0
928	6285344	29008	0	29008			0	0
929	6314352	26048	0	26048			0	0
930	6340400	872	0	872			0	0
931	6341280	872	0	872			0	0
932	6342160	872	0	872			0	0
933	6343040	872	0	872			0	0
934	6343920	872	0	872			0	0
935	6344800	5440	0	5440			0	0
936	6350240	5440	0	5440			0	0
937	6355680	28096	0	28096			0	0
938	6383776	872	0	872			0	0
939	6384656	872	0	872			0	0
940	6385536	872	0	872			0	0
941	6386416	29824	0	29824			0	0
942	6416240	4160	0	4160			0	0
943	6420400	2624	0	2624			0	0
944	6423024	1216	0	1216			0	0
945	6424240	1600	0	1600			0	0
946	6425840	1436	0	1436			0	0
947	6427280	16832	0	16832			0	0
948	6444112	872	0	872			0	0
949	6444992	872	0	872			0	0
950	6445872	18880	0	18880			0	0
951	6464752	872	0	872			0	0
952	6465632	872	0	872			0	0
953	6466512	3780	0	3780			0	0
954	6470304	4512	0	4512			0	0
955	6474816	8864	0	8864			0	0
956	6483680	6688	0	6688			0	0
957	6490368	6688	0	6688			0	0
958	6497056	8864	0	8864			0	0
959	6505920	22976	0	22976			0	0
960	6528896	872	0	872			0	0
961	6529776	872	0	872			0	0
962	6530656	872	0	872			0	0
963	6531536	872	0	872			0	0
964	6532416	29120	0	29120			0	0
965	6561536	15424	0	15424			0	0
966	6576960	1182	0	1182			0	0
967	6578144	1056	0	1056			0	0
968	6579200	1056	0	1056			0	0
969	6580256	1056	0	1056			0	0
970	6581312	17856	0	17856			0	0
971	6599168	5504	0	5504			0	0
972	6604672	712	0	712			0	0
973	6605392	1056	0	1056			0	0
974	6606448	1056	0	1056			0	0
975	6607504	1056	0	1056			0	0
976	6608560	13300	0	13300			0	0
979	6621872	6592	0	6592			0	0
980	6628464	872	0	872			0	0
981	6629344	15392	0	15392			0	0
982	6644736	11040	0	11040			0	0
983	6655776	11040	0	11040			0	0
984	6666816	6688	0	6688			0	0
985	6673504	2976	0	2976			0	0
986	6676480	576	0	576			0	0
987	6677056	1632	0	1632			0	0
988	6678688	4416	0	4416			0	0
989	6683104	1400	0	1400			0	0
990	6684512	1060	0	1060			0	0
991	6685584	20768	0	20768			0	0
992	6706352	872	0	872			0	0
993	6707232	8256	0	8256			0	0
994	6715488	872	0	872			0	0
995	6716368	872	0	872			0	0
996	6717248	872	0	872			0	0
997	6718128	872	0	872			0	0
998	6719008	872	0	872			0	0
999	6719888	1492	0	1492			0	0
1000	6721392	424	0	424			0	0
1001	6721824	424	0	424			0	0
1002	6722256	26048	0	26048			0	0
1003	6748304	1712	0	1712			0	0
1004	6750016	1712	0	1712			0	0
1005	6751728	1712	0	1712			0	0
1006	6753440	6688	0	6688			0	0
1024	509	65537	0	65537			0	0
1025	65537	65538	0	65538			0	0
1026	131073	65539	0	65539			0	0
1027	196609	65540	0	65540			0	0
1028	262145	65541	0	65541			0	0
1029	327681	65542	0	65542			0	0
1030	393217	65543	0	65543			0	0
1031	458753	65544	0	65544			0	0
1032	524289	65545	0	65545			0	0
1033	589825	65546	0	65546			0	0
1034	65538	65547	0	65547			0	0
1035	131074	65548	0	65548			0	0
1036	196610	65549	0	65549			0	0
1037	262146	65550	0	65550			0	0
1038	327682	131087	0	131087			0	0
1039	65537	131088	0	131088			0	0
1040	131073	131089	0	131089			0	0
1041	196609	131090	0	131090			0	0
1042	262145	131091	0	131091			0	0
1043	327681	131092	0	131092			0	0
1044	393217	131093	0	131093			0	0
1045	458753	131094	0	131094			0	0
1046	524289	131095	0	131095			0	0
1047	589825	131096	0	131096			0	0
1048	655361	131097	0	131097			0	0
1049	720897	131098	0	131098			0	0
1050	786433	131099	0	131099			0	0
1051	851969	131100	0	131100			0	0
1052	917505	131101	0	131101			0	0
1053	983041	131102	0	131102			0	0
1054	1048577	131103	0	131103			0	0
1055	1114113	131104	0	131104			0	0
1056	1179649	131105	0	131105			0	0
1057	1245185	131106	0	131106			0	0
1058	1310721	131107	0	131107			0	0
1059	1376257	131108	0	131108			0	0
1060	1441793	131109	0	131109			0	0
1061	1507329	131110	0	131110			0	0
1062	1572865	131111	0	131111			0	0
1063	65538	131112	0	131112			0	0
1064	131074	131113	0	131113			0	0
1065	196610	131114	0	131114			0	0
1066	262146	131115	0	131115			0	0
1067	327682	131116	0	131116			0	0
1068	393218	131117	0	131117			0	0
1069	458754	131118	0	131118			0	0
1070	524290	131119	0	131119			0	0
1071	589826	131120	0	131120			0	0
1072	655362	131121	0	131121			0	0
1073	720898	131122	0	131122			0	0
1074	786434	131123	0	131123			0	0
1075	851970	131124	0	131124			0	0
1076	917506	131125	0	131125			0	0
1077	983042	131126	0	131126			0	0
1078	1048578	131127	0	131127			0	0
1079	1114114	196664	0	196664			0	0
1080	65537	196665	0	196665			0	0
1081	131073	196666	0	196666			0	0
1082	196609	196667	0	196667			0	0
1083	262145	196668	0	196668			0	0
1084	327681	196669	0	196669			0	0
1085	393217	196670	0	196670			0	0
1086	458753	196671	0	196671			0	0
1087	524289	196672	0	196672			0	0
1088	589825	196673	0	196673			0	0
1089	655361	196674	0	196674			0	0
1090	720897	196675	0	196675			0	0
1091	786433	196676	0	196676			0	0
1092	851969	196677	0	196677			0	0
1093	917505	196678	0	196678			0	0
1094	983041	196679	0	196679			0	0
1095	1048577	196680	0	196680			0	0
1096	1114113	196681	0	196681			0	0
1097	1179649	196682	0	196682			0	0
1098	1245185	196683	0	196683			0	0
1099	1310721	196684	0	196684			0	0
1100	1376257	196685	0	196685			0	0
1101	65538	196686	0	196686			0	0
1102	131074	196687	0	196687			0	0
1103	196610	196688	0	196688			0	0
1104	262146	196689	0	196689			0	0
1105	327682	196690	0	196690			0	0
1106	393218	196691	0	196691			0	0
1107	458754	196692	0	196692			0	0
1108	524290	196693	0	196693			0	0
1109	589826	196694	0	196694			0	0
1110	655362	196695	0	196695			0	0
1111	720898	196696	0	196696			0	0
1112	786434	196697	0	196697			0	0
1113	851970	196698	0	196698			0	0
1114	917506	196699	0	196699			0	0
1115	983042	196700	0	196700			0	0
1116	1048578	196701	0	196701			0	0
1117	1114114	196702	0	196702			0	0
1118	1179650	196703	0	196703			0	0
1119	1245186	196704	0	196704			0	0
1120	1310722	196705	0	196705			0	0
1121	1376258	196706	0	196706			0	0
1122	1441794	196707	0	196707			0	0
1123	1507330	196708	0	196708			0	0
1124	1572866	196709	0	196709			0	0
1125	1638402	262246	0	262246			0	0
1126	65537	262247	0	262247			0	0
1127	131073	262248	0	262248			0	0
1128	196609	262249	0	262249			0	0
1129	262145	262250	0	262250			0	0
1130	327681	262251	0	262251			0	0
1131	393217	262252	0	262252			0	0
1132	458753	262253	0	262253			0	0
1133	524289	262254	0	262254			0	0
1134	589825	262255	0	262255			0	0
1135	655361	262256	0	262256			0	0
1136	720897	262257	0	262257			0	0
1137	786433	262258	0	262258			0	0
1138	851969	262259	0	262259			0	0
1139	917505	262260	0	262260			0	0
1140	983041	262261	0	262261			0	0
1141	1048577	262262	0	262262			0	0
1142	1114113	262263	0	262263			0	0
1143	1179649	262264	0	262264			0	0
1144	1245185	262265	0	262265			0	0
1145	1310721	262266	0	262266			0	0
1146	1376257	262267	0	262267			0	0
1147	65538	262268	0	262268			0	0
1148	131074	262269	0	262269			0	0
1149	196610	262270	0	262270			0	0
1150	262146	262271	0	262271			0	0
1151	327682	262272	0	262272			0	0
1152	393218	262273	0	262273			0	0
1153	458754	262274	0	262274			0	0
1154	524290	262275	0	262275			0	0
1155	589826	262276	0	262276			0	0
1156	655362	262277	0	262277			0	0
1157	720898	262278	0	262278			0	0
1158	786434	262279	0	262279			0	0
1159	851970	262280	0	262280			0	0
1160	917506	262281	0	262281			0	0
1161	983042	262282	0	262282			0	0
1162	1048578	262283	0	262283			0	0
1163	1114114	262284	0	262284			0	0
1164	1179650	262285	0	262285			0	0
1165	1245186	262286	0	262286			0	0
1166	1310722	262287	0	262287			0	0
1167	1376258	262288	0	262288			0	0
1168	1441794	262289	0	262289			0	0
1169	1507330	327826	0	327826			0	0
1170	65537	327827	0	327827			0	0
1171	131073	327828	0	327828			0	0
1172	196609	327829	0	327829			0	0
1173	262145	327830	0	327830			0	0
1174	327681	327831	0	327831			0	0
1175	393217	327832	0	327832			0	0
1176	458753	327833	0	327833			0	0
1177	524289	327834	0	327834			0	0
1178	589825	327835	0	327835			0	0
1179	655361	327836	0	327836			0	0
1180	720897	327837	0	327837			0	0
1181	786433	327838	0	327838			0	0
1182	851969	327839	0	327839			0	0
1183	917505	327840	0	327840			0	0
1184	983041	327841	0	327841			0	0
1185	1048577	327842	0	327842			0	0
1186	1114113	327843	0	327843			0	0
1187	1179649	327844	0	327844			0	0
1188	1245185	327845	0	327845			0	0
1189	1310721	327846	0	327846			0	0
1190	1376257	327847	0	327847			0	0
1191	1441793	327848	0	327848			0	0
1192	1507329	327849	0	327849			0	0
1193	1572865	327850	0	327850			0	0
1194	65538	327851	0	327851			0	0
1195	131074	327852	0	327852			0	0
1196	196610	327853	0	327853			0	0
1197	262146	327854	0	327854			0	0
1198	327682	327855	0	327855			0	0
1199	393218	327856	0	327856			0	0
1200	458754	327857	0	327857			0	0
1201	524290	327858	0	327858			0	0
1202	589826	327859	0	327859			0	0
1203	655362	327860	0	327860			0	0
1204	720898	327861	0	327861			0	0
1205	786434	327862	0	327862			0	0
1206	851970	327863	0	327863			0	0
1207	917506	327864	0	327864			0	0
1208	983042	327865	0	327865			0	0
1209	1048578	327866	0	327866			0	0
1210	1114114	327867	0	327867			0	0
1211	1179650	327868	0	327868			0	0
1212	1245186	327869	0	327869			0	0
1213	1310722	327870	0	327870			0	0
1214	1376258	393407	0	393407			0	0
1215	65537	393408	0	393408			0	0
1216	131073	393409	0	393409			0	0
1217	196609	393410	0	393410			0	0
1218	262145	393411	0	393411			0	0
1219	327681	393412	0	393412			0	0
1220	393217	393413	0	393413			0	0
1221	458753	393414	0	393414			0	0
1222	524289	393415	0	393415			0	0
1223	589825	393416	0	393416			0	0
1224	655361	393417	0	393417			0	0
1225	720897	393418	0	393418			0	0
1226	786433	393419	0	393419			0	0
1227	851969	393420	0	393420			0	0
1228	917505	393421	0	393421			0	0
1229	983041	393422	0	393422			0	0
1230	1048577	393423	0	393423			0	0
1231	1114113	393424	0	393424			0	0
1232	1179649	393425	0	393425			0	0
1233	1245185	393426	0	393426			0	0
1234	1310721	393427	0	393427			0	0
1235	1376257	393428	0	393428			0	0
1236	65538	393429	0	393429			0	0
1237	131074	393430	0	393430			0	0
1238	196610	393431	0	393431			0	0
1239	262146	393432	0	393432			0	0
1240	327682	393433	0	393433			0	0
1241	393218	393434	0	393434			0	0
1242	458754	393435	0	393435			0	0
1243	524290	393436	0	393436			0	0
1244	589826	393437	0	393437			0	0
1245	655362	393438	0	393438			0	0
1246	720898	393439	0	393439			0	0
1247	786434	393440	0	393440			0	0
1248	851970	393441	0	393441			0	0
1249	917506	393442	0	393442			0	0
1250	983042	393443	0	393443			0	0
1251	1048578	393444	0	393444			0	0
1252	1114114	393445	0	393445			0	0
1253	1179650	393446	0	393446			0	0
1254	1245186	393447	0	393447			0	0
1255	1310722	393448	0	393448			0	0
1256	1376258	458985	0	458985			0	0
1257	65537	458986	0	458986			0	0
1258	131073	458987	0	458987			0	0
1259	196609	458988	0	458988			0	0
1260	262145	458989	0	458989			0	0
1261	327681	458990	0	458990			0	0
1262	393217	458991	0	458991			0	0
1263	458753	458992	0	458992			0	0
1264	524289	458993	0	458993			0	0
1265	589825	458994	0	458994			0	0
1266	655361	458995	0	458995			0	0
1267	720897	458996	0	458996			0	0
1268	786433	458997	0	458997			0	0
1269	851969	458998	0	458998			0	0
1270	917505	458999	0	458999			0	0
1271	983041	459000	0	459000			0	0
1272	1048577	459001	0	459001			0	0
1273	1114113	459002	0	459002			0	0
1274	1179649	459003	0	459003			0	0
1275	1245185	459004	0	459004			0	0
1276	1310721	459005	0	459005			0	0
1277	1376257	459006	0	459006			0	0
1278	1441793	459007	0	459007			0	0
1279	1507329	459008	0	459008			0	0
1280	1572865	459009	0	459009			0	0
1281	65538	459010	0	459010			0	0
1282	131074	459011	0	459011			0	0
1283	196610	459012	0	459012			0	0
1284	262146	459013	0	459013			0	0
1285	327682	459014	0	459014			0	0
1286	393218	459015	0	459015			0	0
1287	458754	459016	0	459016			0	0
1288	524290	459017	0	459017			0	0
1289	589826	459018	0	459018			0	0
1290	655362	459019	0	459019			0	0
1291	720898	459020	0	459020			0	0
1292	786434	459021	0	459021			0	0
1293	851970	459022	0	459022			0	0
1294	917506	459023	0	459023			0	0
1295	983042	459024	0	459024			0	0
1296	1048578	459025	0	459025			0	0
1297	1114114	459026	0	459026			0	0
1298	1179650	459027	0	459027			0	0
1299	1245186	459028	0	459028			0	0
1300	1310722	459029	0	459029			0	0
1301	1376258	459030	0	459030			0	0
1302	1441794	459031	0	459031			0	0
1303	1507330	459032	0	459032			0	0
1304	1572866	524569	0	524569			0	0
1305	65537	1311002	0	1311002			0	0
1306	65537	1376539	0	1376539			0	0
1307	65537	1376540	0	1376540			0	0
1308	131073	1376541	0	1376541			0	0
1309	65538	1376542	0	1376542			0	0
1310	131074	1376543	0	1376543			0	0
1311	65539	1376544	0	1376544			0	0
1312	131075	1376545	0	1376545			0	0
1313	65540	1376546	0	1376546			0	0
1314	131076	1376547	0	1376547			0	0
1315	65541	1376548	0	1376548			0	0
1316	131077	1376549	0	1376549			0	0
1317	65542	1376550	0	1376550			0	0
1318	131078	1376551	0	1376551			0	0
1319	65543	1376552	0	1376552			0	0
1320	131079	1507625	0	1507625			0	0
1321	65537	1507626	0	1507626			0	0
1322	131073	1507627	0	1507627			0	0
1323	65538	1507628	0	1507628			0	0
1324	131074	1507629	0	1507629			0	0
1325	65539	1507630	0	1507630			0	0
1326	131075	1507631	0	1507631			0	0
1327	196611	1507632	0	1507632			0	0
1328	262147	1507633	0	1507633			0	0
1329	65540	1507634	0	1507634			0	0
1330	131076	1507635	0	1507635			0	0
1331	196612	1507636	0	1507636			0	0
1332	262148	1507637	0	1507637			0	0
1333	65541	1507638	0	1507638			0	0
1334	131077	1507639	0	1507639			0	0
1335	196613	1507640	0	1507640			0	0
1336	262149	1507641	0	1507641			0	0
1337	327685	1638714	0	1638714			0	0
1338	65537	1638715	0	1638715			0	0
1339	131073	1704252	0	1704252			0	0
1340	65537	1704253	0	1704253			0	0
1341	131073	1704254	0	1704254			0	0
1342	196609	1704255	0	1704255			0	0
1343	262145	1704256	0	1704256			0	0
1344	327681	1704257	0	1704257			0	0
1345	393217	1704258	0	1704258			0	0
1346	458753	1704259	0	1704259			0	0
1347	524289	1704260	0	1704260			0	0
1348	589825	1704261	0	1704261			0	0
1349	65538	1704262	0	1704262			0	0
1350	131074	1704263	0	1704263			0	0
1351	196610	1704264	0	1704264			0	0
1352	262146	1704265	0	1704265			0	0
1353	327682	1704266	0	1704266			0	0
1354	393218	1704267	0	1704267			0	0
1355	458754	1704268	0	1704268			0	0
1356	524290	1704269	0	1704269			0	0
1357	589826	1704270	0	1704270			0	0
1358	655362	1704271	0	1704271			0	0
1359	720898	1704272	0	1704272			0	0
1360	786434	1704273	0	1704273			0	0
1361	851970	1704274	0	1704274			0	0
1362	65539	1704275	0	1704275			0	0
1363	131075	1704276	0	1704276			0	0
1364	196611	1704277	0	1704277			0	0
1365	262147	1704278	0	1704278			0	0
1366	327683	1704279	0	1704279			0	0
1367	393219	1704280	0	1704280			0	0
1368	458755	1704281	0	1704281			0	0
1369	524291	1704282	0	1704282			0	0
1370	589827	1704283	0	1704283			0	0
1371	655363	1704284	0	1704284			0	0
1372	720899	1704285	0	1704285			0	0
1373	786435	1704286	0	1704286			0	0
1374	851971	1704287	0	1704287			0	0
1375	917507	1704288	0	1704288			0	0
1376	983043	1704289	0	1704289			0	0
1377	1048579	1704290	0	1704290			0	0
1378	1114115	1704291	0	1704291			0	0
1379	65540	1704292	0	1704292			0	0
1380	131076	1704293	0	1704293			0	0
1381	196612	1704294	0	1704294			0	0
1382	262148	1704295	0	1704295			0	0
1383	327684	1704296	0	1704296			0	0
1384	393220	1704297	0	1704297			0	0
1385	458756	1704298	0	1704298			0	0
1386	524292	1704299	0	1704299			0	0
1387	589828	1704300	0	1704300			0	0
1388	655364	1704301	0	1704301			0	0
1389	720900	1704302	0	1704302			0	0
1390	786436	1704303	0	1704303			0	0
1391	851972	1704304	0	1704304			0	0
1392	917508	1704305	0	1704305			0	0
1393	983044	1704306	0	1704306			0	0
1394	1048580	1704307	0	1704307			0	0
1395	65541	1704308	0	1704308			0	0
1396	131077	1704309	0	1704309			0	0
1397	196613	1704310	0	1704310			0	0
1398	262149	1704311	0	1704311			0	0
1399	327685	1704312	0	1704312			0	0
1400	393221	1704313	0	1704313			0	0
1401	458757	1704314	0	1704314			0	0
1402	524293	1704315	0	1704315			0	0
1403	589829	1704316	0	1704316			0	0
1404	655365	1704317	0	1704317			0	0
1405	720901	1704318	0	1704318			0	0
1406	786437	1704319	0	1704319			0	0
1407	851973	1704320	0	1704320			0	0
1408	917509	1704321	0	1704321			0	0
1409	983045	1704322	0	1704322			0	0
1410	1048581	1704323	0	1704323			0	0
1411	65542	1704324	0	1704324			0	0
1412	131078	1704325	0	1704325			0	0
1413	196614	1704326	0	1704326			0	0
1414	262150	1704327	0	1704327			0	0
1415	327686	1704328	0	1704328			0	0
1416	393222	1704329	0	1704329			0	0
1417	458758	1704330	0	1704330			0	0
1418	524294	1704331	0	1704331			0	0
1419	589830	1704332	0	1704332			0	0
1420	655366	1704333	0	1704333			0	0
1421	720902	1704334	0	1704334			0	0
1422	786438	1704335	0	1704335			0	0
1423	851974	1704336	0	1704336			0	0
1424	917510	1704337	0	1704337			0	0
1425	983046	1704338	0	1704338			0	0
1426	1048582	1704339	0	1704339			0	0
1427	65543	1704340	0	1704340			0	0
1428	131079	1704341	0	1704341			0	0
1429	196615	1704342	0	1704342			0	0
1430	262151	1704343	0	1704343			0	0
1431	327687	1704344	0	1704344			0	0
1432	393223	1704345	0	1704345			0	0
1433	458759	1704346	0	1704346			0	0
1434	524295	1704347	0	1704347			0	0
1435	589831	1704348	0	1704348			0	0
1436	655367	1704349	0	1704349			0	0
1437	720903	1704350	0	1704350			0	0
1438	786439	1704351	0	1704351			0	0
1439	851975	1704352	0	1704352			0	0
1440	917511	1769889	0	1769889			0	0
1441	65537	1900962	0	1900962			0	0
1442	65537	1900963	0	1900963			0	0
1443	131073	1900964	0	1900964			0	0
1444	196609	1900965	0	1900965			0	0
1445	262145	1900966	0	1900966			0	0
1446	327681	1900967	0	1900967			0	0
1447	393217	1900968	0	1900968			0	0
1448	458753	1900969	0	1900969			0	0
1449	524289	1900970	0	1900970			0	0
1450	589825	1900971	0	1900971			0	0
1451	655361	1900972	0	1900972			0	0
1452	720897	1900973	0	1900973			0	0
1453	786433	1900974	0	1900974			0	0
1454	851969	1900975	0	1900975			0	0
1455	917505	1900976	0	1900976			0	0
1456	65538	1900977	0	1900977			0	0
1457	131074	1900978	0	1900978			0	0
1458	196610	1900979	0	1900979			0	0
1459	262146	1900980	0	1900980			0	0
1460	327682	1900981	0	1900981			0	0
1461	393218	1966518	0	1966518			0	0
1462	65537	1966519	0	1966519			0	0
1463	131073	1966520	0	1966520			0	0
1464	196609	1966521	0	1966521			0	0
1465	262145	1966522	0	1966522			0	0
1466	327681	1966523	0	1966523			0	0
1467	393217	1966524	0	1966524			0	0
1468	458753	1966525	0	1966525			0	0
1469	524289	1966526	0	1966526			0	0
1470	589825	1966527	0	1966527			0	0
1471	655361	1966528	0	1966528			0	0
1472	720897	1966529	0	1966529			0	0
1473	786433	1966530	0	1966530			0	0
1474	851969	1966531	0	1966531			0	0
1475	917505	1966532	0	1966532			0	0
1476	983041	1966533	0	1966533			0	0
1477	1048577	1966534	0	1966534			0	0
1478	1114113	1966535	0	1966535			0	0
1479	1179649	1966536	0	1966536			0	0
1480	1245185	1966537	0	1966537			0	0
1481	1310721	1966538	0	1966538			0	0
1482	1376257	1966539	0	1966539			0	0
1483	1441793	1966540	0	1966540			0	0
1484	1507329	1966541	0	1966541			0	0
1485	1572865	1966542	0	1966542			0	0
1486	1638401	1966543	0	1966543			0	0
1487	1703937	1966544	0	1966544			0	0
1488	1769473	1966545	0	1966545			0	0
1489	1835009	1966546	0	1966546	817980	0	4	434
1490	1900545	1966547	0	1966547			0	0
1491	1966081	1966548	0	1966548			0	0
1492	2031617	1966549	0	1966549			0	0
1493	65538	1966550	0	1966550			0	0
1494	131074	1966551	0	1966551			0	0
1495	196610	1966552	0	1966552			0	0
1496	262146	1966553	0	1966553			0	0
1497	327682	1966554	0	1966554			0	0
1498	393218	1966555	0	1966555			0	0
1499	458754	1966556	0	1966556			0	0
1500	524290	1966557	0	1966557			0	0
1501	589826	1966558	0	1966558			0	0
1502	655362	1966559	0	1966559			0	0
1503	720898	1966560	0	1966560			0	0
1504	786434	1966561	0	1966561			0	0
1505	851970	1966562	0	1966562			0	0
1506	917506	1966563	0	1966563			0	0
1507	983042	1966564	0	1966564			0	0
1508	1048578	1966565	0	1966565			0	0
1509	1114114	1966566	0	1966566			0	0
1510	1179650	1966567	0	1966567			0	0
1511	1245186	1966568	0	1966568			0	0
1512	1310722	1966569	0	1966569			0	0
1513	1376258	1966570	0	1966570			0	0
1514	1441794	1966571	0	1966571			0	0
1515	1507330	1966572	0	1966572			0	0
1516	1572866	1966573	0	1966573			0	0
1517	1638402	1966574	0	1966574			0	0
1518	1703938	1966575	0	1966575			0	0
1519	1769474	1966576	0	1966576			0	0
1520	1835010	1966577	0	1966577			0	0
1521	1900546	1966578	0	1966578			0	0
1522	1966082	1966579	0	1966579			0	0
1523	2031618	2032116	0	2032116			0	0
1524	65537	2032117	0	2032117			0	0
1525	131073	2032118	0	2032118			0	0
1526	196609	2032119	0	2032119			0	0
1527	262145	2032120	0	2032120			0	0
1528	327681	2032121	0	2032121			0	0
1529	393217	2032122	0	2032122			0	0
1530	458753	2097659	0	2097659			0	0
1531	65537	2621948	0	2621948			0	0
1532	65537	2621949	0	2621949			0	0
1534	2879248	425984	0	425984			0	0
1626	3153440	3234305	0	3234305			0	0
1734	2294356	1576973	0	1576973			0	0
1924	1118468	3276834	0	3276834			0	0
