code,dec,char
000,0,
001,1,1
002,2,2
003,3,3
004,4,4
005,5,5
006,6,6
007,7,7
008,8,8
009,9,9
00A,10,□
00B,11,、
00C,12,。
00D,13,，
00E,14,・
00F,15,：
010,16,？
011,17,！
012,18,々
013,19,ー
014,20,～
015,21,‥
016,22,“
017,23,（
018,24,）
019,25,《
01A,26,》
01B,27,「
01C,28,」
01D,29,『
01E,30,』
01F,31,＋
020,32,×
021,33,＜
022,34,＞
023,35,％
024,36,○
025,37,■
026,38,A
027,39,B
028,40,C
029,41,D
02A,42,E
02B,43,F
02C,44,G
02D,45,H
02E,46,I
02F,47,J
030,48,K
031,49,L
032,50,M
033,51,N
034,52,O
035,53,P
036,54,R
037,55,S
038,56,T
039,57,U
03A,58,V
03B,59,W
03C,60,X
03D,61,Y
03E,62,c
03F,63,e
040,64,ぁ
041,65,あ
042,66,ぃ
043,67,い
044,68,ぅ
045,69,う
046,70,ぇ
047,71,え
048,72,ぉ
049,73,お
04A,74,か
04B,75,が
04C,76,き
04D,77,ぎ
04E,78,く
04F,79,ぐ
050,80,け
051,81,げ
052,82,こ
053,83,ご
054,84,さ
055,85,ざ
056,86,し
057,87,じ
058,88,す
059,89,ず
05A,90,せ
05B,91,ぜ
05C,92,そ
05D,93,ぞ
05E,94,た
05F,95,だ
060,96,ち
061,97,っ
062,98,つ
063,99,づ
064,100,て
065,101,で
066,102,と
067,103,ど
068,104,な
069,105,に
06A,106,ぬ
06B,107,ね
06C,108,の
06D,109,は
06E,110,ば
06F,111,ぱ
070,112,ひ
071,113,び
072,114,ふ
073,115,ぶ
074,116,ぷ
075,117,へ
076,118,べ
077,119,ほ
078,120,ぼ
079,121,ぽ
07A,122,ま
07B,123,み
07C,124,む
07D,125,め
07E,126,も
07F,127,ゃ
080,128,や
081,129,ゅ
082,130,ゆ
083,131,ょ
084,132,よ
085,133,ら
086,134,り
087,135,る
088,136,れ
089,137,ろ
08A,138,わ
08B,139,を
08C,140,ん
08D,141,ァ
08E,142,ア
08F,143,ィ
090,144,イ
091,145,ゥ
092,146,ウ
093,147,ェ
094,148,エ
095,149,ォ
096,150,オ
097,151,カ
098,152,ガ
099,153,キ
09A,154,ギ
09B,155,ク
09C,156,グ
09D,157,ケ
09E,158,ゲ
09F,159,コ
0A0,160,ゴ
0A1,161,サ
0A2,162,ザ
0A3,163,シ
0A4,164,ジ
0A5,165,ス
0A6,166,ズ
0A7,167,セ
0A8,168,ゼ
0A9,169,ソ
0AA,170,ゾ
0AB,171,タ
0AC,172,ダ
0AD,173,チ
0AE,174,ッ
0AF,175,ツ
0B0,176,テ
0B1,177,デ
0B2,178,ト
0B3,179,ド
0B4,180,ナ
0B5,181,ニ
0B6,182,ヌ
0B7,183,ネ
0B8,184,ノ
0B9,185,ハ
0BA,186,バ
0BB,187,パ
0BC,188,ヒ
0BD,189,ビ
0BE,190,ピ
0BF,191,フ
0C0,192,ブ
0C1,193,プ
0C2,194,ヘ
0C3,195,ベ
0C4,196,ペ
0C5,197,ホ
0C6,198,ボ
0C7,199,ポ
0C8,200,マ
0C9,201,ミ
0CA,202,ム
0CB,203,メ
0CC,204,モ
0CD,205,ャ
0CE,206,ヤ
0CF,207,ュ
0D0,208,ユ
0D1,209,ョ
0D2,210,ヨ
0D3,211,ラ
0D4,212,リ
0D5,213,ル
0D6,214,レ
0D7,215,ロ
0D8,216,ワ
0D9,217,ン
0DA,218,ヴ
0DB,219,ヶ
0DC,220,亜
0DD,221,哀
0DE,222,愛
0DF,223,挨
0E0,224,悪
0E1,225,握
0E2,226,圧
0E3,227,扱
0E4,228,飴
0E5,229,綾
0E6,230,安
0E7,231,暗
0E8,232,案
0E9,233,闇
0EA,234,以
0EB,235,位
0EC,236,依
0ED,237,偉
0EE,238,囲
0EF,239,威
0F0,240,意
0F1,241,慰
0F2,242,易
0F3,243,椅
0F4,244,為
0F5,245,異
0F6,246,移
0F7,247,緯
0F8,248,胃
0F9,249,姜
0FA,250,違
0FB,251,遺
0FC,252,医
0FD,253,井
0FE,254,域
0FF,255,育
100,256,一
101,257,溢
102,258,逸
103,259,印
104,260,員
105,261,因
106,262,引
107,263,飲
108,264,院
109,265,陰
10A,266,隠
10B,267,右
10C,268,羽
10D,269,嘘
10E,270,噂
10F,271,運
110,272,雲
111,273,営
112,274,影
113,275,映
114,276,永
115,277,英
116,278,鋭
117,279,液
118,280,駅
119,281,越
11A,282,円
11B,283,園
11C,284,延
11D,285,援
11E,286,沿
11F,287,演
120,288,煙
121,289,猿
122,290,縁
123,291,苑
124,292,遠
125,293,塩
126,294,汚
127,295,央
128,296,奥
129,297,往
12A,298,応
12B,299,押
12C,300,横
12D,301,殴
12E,302,黄
12F,303,屋
130,304,憶
131,305,俺
132,306,恩
133,307,温
134,308,穏
135,309,音
136,310,下
137,311,化
138,312,仮
139,313,何
13A,314,価
13B,315,佳
13C,316,加
13D,317,可
13E,318,夏
13F,319,嫁
140,320,家
141,321,暇
142,322,果
143,323,歌
144,324,河
145,325,火
146,326,稼
147,327,花
148,328,苛
149,329,荷
14A,330,華
14B,331,菓
14C,332,課
14D,333,嘩
14E,334,過
14F,335,我
150,336,画
151,337,介
152,338,会
153,339,解
154,340,回
155,341,壊
156,342,快
157,343,怪
158,344,悔
159,345,懐
15A,346,戒
15B,347,拐
15C,348,改
15D,349,械
15E,350,海
15F,351,灰
160,352,界
161,353,皆
162,354,絵
163,355,開
164,356,階
165,357,外
166,358,咳
167,359,害
168,360,慨
169,361,概
16A,362,涯
16B,363,街
16C,364,垣
16D,365,格
16E,366,核
16F,367,獲
170,368,確
171,369,穫
172,370,覚
173,371,角
174,372,較
175,373,隔
176,374,学
177,375,楽
178,376,額
179,377,掛
17A,378,潟
17B,379,割
17C,380,喝
17D,381,恰
17E,382,活
17F,383,滑
180,384,轄
181,385,株
182,386,鎌
183,387,乾
184,388,寒
185,389,勘
186,390,勧
187,391,巻
188,392,堪
189,393,完
18A,394,官
18B,395,寛
18C,396,干
18D,397,幹
18E,398,患
18F,399,感
190,400,慣
191,401,換
192,402,歡
193,403,汗
194,404,漢
195,405,環
196,406,甘
197,407,看
198,408,管
199,409,簡
19A,410,緩
19B,411,缶
19C,412,肝
19D,413,艦
19E,414,観
19F,415,貫
1A0,416,間
1A1,417,閑
1A2,418,関
1A3,419,丸
1A4,420,含
1A5,421,岸
1A6,422,玩
1A7,423,眼
1A8,424,頑
1A9,425,顔
1AA,426,願
1AB,427,企
1AC,428,伎
1AD,429,危
1AE,430,喜
1AF,431,器
1B0,432,基
1B1,433,奇
1B2,434,嬉
1B3,435,寄
1B4,436,希
1B5,437,揮
1B6,438,机
1B7,439,既
1B8,440,期
1B9,441,機
1BA,442,帰
1BB,443,気
1BC,444,汽
1BD,445,祈
1BE,446,季
1BF,447,記
1C0,448,貴
1C1,449,起
1C2,450,輝
1C3,451,鬼
1C4,452,偽
1C5,453,儀
1C6,454,戯
1C7,455,技
1C8,456,欺
1C9,457,犠
1CA,458,疑
1CB,459,義
1CC,460,議
1CD,461,吉
1CE,462,喫
1CF,463,詰
1D0,464,却
1D1,465,客
1D2,466,逆
1D3,467,久
1D4,468,仇
1D5,469,休
1D6,470,及
1D7,471,吸
1D8,472,宮
1D9,473,急
1DA,474,救
1DB,475,朽
1DC,476,求
1DD,477,泣
1DE,478,究
1DF,479,級
1E0,480,旧
1E1,481,牛
1E2,482,去
1E3,483,居
1E4,484,巨
1E5,485,拒
1E6,486,拠
1E7,487,挙
1E8,488,許
1E9,489,距
1EA,490,魚
1EB,491,京
1EC,492,供
1ED,493,競
1EE,494,共
1EF,495,凶
1F0,496,協
1F1,497,叫
1F2,498,境
1F3,499,強
1F4,500,怯
1F5,501,恐
1F6,502,挟
1F7,503,教
1F8,504,橋
1F9,505,況
1FA,506,狭
1FB,507,胸
1FC,508,脅
1FD,509,興
1FE,510,鏡
1FF,511,響
200,512,驚
201,513,仰
202,514,業
203,515,局
204,516,曲
205,517,極
206,518,玉
207,519,勤
208,520,禁
209,521,筋
20A,522,緊
20B,523,近
20C,524,金
20D,525,銀
20E,526,九
20F,527,句
210,528,区
211,529,苦
212,530,駆
213,531,具
214,532,愚
215,533,空
216,534,偶
217,535,遇
218,536,隅
219,537,屈
21A,538,靴
21B,539,熊
21C,540,隈
21D,541,粂
21E,542,栗
21F,543,繰
220,544,桑
221,545,鍬
222,546,勲
223,547,君
224,548,薫
225,549,訓
226,550,刑
227,551,兄
228,552,型
229,553,形
22A,554,恵
22B,555,憩
22C,556,掲
22D,557,携
22E,558,敬
22F,559,景
230,560,系
231,561,経
232,562,継
233,563,繋
234,564,計
235,565,詣
236,566,警
237,567,軽
238,568,芸
239,569,迎
23A,570,鯨
23B,571,劇
23C,572,隙
23D,573,欠
23E,574,決
23F,575,潔
240,576,穴
241,577,結
242,578,血
243,579,月
244,580,件
245,581,倹
246,582,兼
247,583,券
248,584,剣
249,585,喧
24A,586,堅
24B,587,嫌
24C,588,建
24D,589,憲
24E,590,検
24F,591,権
250,592,犬
251,593,研
252,594,肩
253,595,見
254,596,軒
255,597,遣
256,598,鍵
257,599,険
258,600,験
259,601,元
25A,602,原
25B,603,厳
25C,604,幻
25D,605,減
25E,606,源
25F,607,玄
260,608,現
261,609,言
262,610,限
263,611,個
264,612,古
265,613,呼
266,614,固
267,615,姑
268,616,孤
269,617,己
26A,618,戸
26B,619,故
26C,620,枯
26D,621,股
26E,622,誇
26F,623,雇
270,624,五
271,625,互
272,626,午
273,627,後
274,628,御
275,629,悟
276,630,語
277,631,誤
278,632,護
279,633,交
27A,634,候
27B,635,光
27C,636,公
27D,637,功
27E,638,効
27F,639,厚
280,640,口
281,641,向
282,642,好
283,643,孝
284,644,宏
285,645,工
286,646,幸
287,647,広
288,648,康
289,649,弘
28A,650,恒
28B,651,慌
28C,652,抗
28D,653,控
28E,654,攻
28F,655,更
290,656,校
291,657,構
292,658,江
293,659,浩
294,660,甲
295,661,紅
296,662,紘
297,663,考
298,664,肯
299,665,航
29A,666,荒
29B,667,行
29C,668,講
29D,669,貢
29E,670,降
29F,671,項
2A0,672,香
2A1,673,高
2A2,674,剛
2A3,675,号
2A4,676,合
2A5,677,豪
2A6,678,克
2A7,679,刻
2A8,680,告
2A9,681,国
2AA,682,酷
2AB,683,黒
2AC,684,腰
2AD,685,忽
2AE,686,惚
2AF,687,骨
2B0,688,込
2B1,689,頃
2B2,690,今
2B3,691,困
2B4,692,婚
2B5,693,恨
2B6,694,懇
2B7,695,根
2B8,696,混
2B9,697,佐
2BA,698,左
2BB,699,差
2BC,700,査
2BD,701,砂
2BE,702,詐
2BF,703,鎖
2C0,704,座
2C1,705,催
2C2,706,再
2C3,707,最
2C4,708,妻
2C5,709,彩
2C6,710,才
2C7,711,歳
2C8,712,済
2C9,713,祭
2CA,714,斎
2CB,715,細
2CC,716,菜
2CD,717,裁
2CE,718,載
2CF,719,際
2D0,720,在
2D1,721,材
2D2,722,罪
2D3,723,財
2D4,724,咲
2D5,725,崎
2D6,726,作
2D7,727,削
2D8,728,昨
2D9,729,策
2DA,730,索
2DB,731,桜
2DC,732,冊
2DD,733,察
2DE,734,擦
2DF,735,札
2E0,736,殺
2E1,737,雑
2E2,738,皿
2E3,739,三
2E4,740,参
2E5,741,山
2E6,742,惨
2E7,743,散
2E8,744,産
2E9,745,算
2EA,746,賛
2EB,747,残
2EC,748,仕
2ED,749,伺
2EE,750,使
2EF,751,刺
2F0,752,司
2F1,753,史
2F2,754,四
2F3,755,士
2F4,756,始
2F5,757,姉
2F6,758,姿
2F7,759,子
2F8,760,市
2F9,761,師
2FA,762,志
2FB,763,思
2FC,764,指
2FD,765,支
2FE,766,止
2FF,767,死
300,768,氏
301,769,祉
302,770,私
303,771,糸
304,772,紙
305,773,紫
306,774,肢
307,775,脂
308,776,至
309,777,視
30A,778,詞
30B,779,詩
30C,780,誌
30D,781,資
30E,782,賜
30F,783,事
310,784,似
311,785,児
312,786,字
313,787,寺
314,788,持
315,789,時
316,790,次
317,791,治
318,792,磁
319,793,示
31A,794,耳
31B,795,自
31C,796,辞
31D,797,鹿
31E,798,式
31F,799,識
320,800,七
321,801,叱
322,802,執
323,803,失
324,804,嫉
325,805,室
326,806,湿
327,807,漆
328,808,疾
329,809,質
32A,810,実
32B,811,芝
32C,812,舎
32D,813,写
32E,814,射
32F,815,捨
330,816,社
331,817,者
332,818,謝
333,819,車
334,820,蛇
335,821,邪
336,822,借
337,823,釈
338,824,若
339,825,寂
33A,826,弱
33B,827,惹
33C,828,主
33D,829,取
33E,830,守
33F,831,手
340,832,狩
341,833,種
342,834,趣
343,835,酒
344,836,首
345,837,受
346,838,呪
347,839,寿
348,840,授
349,841,収
34A,842,周
34B,843,就
34C,844,修
34D,845,愁
34E,846,拾
34F,847,秀
350,848,終
351,849,習
352,850,臭
353,851,蒐
354,852,衆
355,853,襲
356,854,週
357,855,集
358,856,住
359,857,充
35A,858,十
35B,859,従
35C,860,柔
35D,861,汁
35E,862,渋
35F,863,獣
360,864,縦
361,865,重
362,866,銃
363,867,叔
364,868,宿
365,869,淑
366,870,出
367,871,術
368,872,述
369,873,春
36A,874,瞬
36B,875,準
36C,876,盾
36D,877,巡
36E,878,順
36F,879,処
370,880,初
371,881,所
372,882,緒
373,883,署
374,884,書
375,885,助
376,886,女
377,887,除
378,888,傷
379,889,償
37A,890,勝
37B,891,商
37C,892,将
37D,893,小
37E,894,少
37F,895,尚
380,896,床
381,897,彰
382,898,承
383,899,招
384,900,掌
385,901,昇
386,902,沼
387,903,消
388,904,渉
389,905,焼
38A,906,焦
38B,907,照
38C,908,症
38D,909,省
38E,910,称
38F,911,章
390,912,笑
391,913,粧
392,914,肖
393,915,衝
394,916,証
395,917,詳
396,918,象
397,919,障
398,920,上
399,921,丈
39A,922,乗
39B,923,冗
39C,924,城
39D,925,場
39E,926,嬢
39F,927,常
3A0,928,情
3A1,929,条
3A2,930,状
3A3,931,畳
3A4,932,譲
3A5,933,飾
3A6,934,拭
3A7,935,織
3A8,936,職
3A9,937,色
3AA,938,触
3AB,939,食
3AC,940,伸
3AD,941,信
3AE,942,侵
3AF,943,娠
3B0,944,寝
3B1,945,審
3B2,946,心
3B3,947,慎
3B4,948,振
3B5,949,新
3B6,950,浸
3B7,951,深
3B8,952,申
3B9,953,真
3BA,954,神
3BB,955,臣
3BC,956,親
3BD,957,診
3BE,958,身
3BF,959,辛
3C0,960,進
3C1,961,針
3C2,962,震
3C3,963,人
3C4,964,尋
3C5,965,尽
3C6,966,訊
3C7,967,図
3C8,968,吹
3C9,969,垂
3CA,970,帥
3CB,971,推
3CC,972,水
3CD,973,粋
3CE,974,衰
3CF,975,遂
3D0,976,酔
3D1,977,随
3D2,978,数
3D3,979,杉
3D4,980,雀
3D5,981,澄
3D6,982,世
3D7,983,瀬
3D8,984,是
3D9,985,制
3DA,986,勢
3DB,987,姓
3DC,988,性
3DD,989,成
3DE,990,整
3DF,991,星
3E0,992,晴
3E1,993,正
3E2,994,清
3E3,995,牲
3E4,996,生
3E5,997,盛
3E6,998,精
3E7,999,声
3E8,1000,製
3E9,1001,西
3EA,1002,誠
3EB,1003,請
3EC,1004,逝
3ED,1005,青
3EE,1006,静
3EF,1007,斉
3F0,1008,席
3F1,1009,惜
3F2,1010,戚
3F3,1011,昔
3F4,1012,石
3F5,1013,責
3F6,1014,赤
3F7,1015,跡
3F8,1016,切
3F9,1017,接
3FA,1018,折
3FB,1019,設
3FC,1020,節
3FD,1021,説
3FE,1022,絶
3FF,1023,舌
400,1024,先
401,1025,千
402,1026,宣
403,1027,専
404,1028,川
405,1029,戦
406,1030,浅
407,1031,洗
408,1032,染
409,1033,潜
40A,1034,線
40B,1035,船
40C,1036,詮
40D,1037,選
40E,1038,鮮
40F,1039,前
410,1040,然
411,1041,全
412,1042,狙
413,1043,疎
414,1044,祖
415,1045,粗
416,1046,素
417,1047,組
418,1048,訴
419,1049,創
41A,1050,倉
41B,1051,喪
41C,1052,奏
41D,1053,爽
41E,1054,層
41F,1055,想
420,1056,捜
421,1057,掃
422,1058,挿
423,1059,操
424,1060,早
425,1061,争
426,1062,痩
427,1063,相
428,1064,窓
429,1065,総
42A,1066,聡
42B,1067,草
42C,1068,葬
42D,1069,装
42E,1070,走
42F,1071,送
430,1072,騒
431,1073,像
432,1074,増
433,1075,憎
434,1076,贈
435,1077,造
436,1078,側
437,1079,息
438,1080,束
439,1081,測
43A,1082,足
43B,1083,速
43C,1084,属
43D,1085,族
43E,1086,続
43F,1087,卒
440,1088,揃
441,1089,存
442,1090,孫
443,1091,損
444,1092,村
445,1093,他
446,1094,多
447,1095,太
448,1096,堕
449,1097,妥
44A,1098,打
44B,1099,駄
44C,1100,体
44D,1101,対
44E,1102,耐
44F,1103,帯
450,1104,待
451,1105,態
452,1106,替
453,1107,泰
454,1108,袋
455,1109,貸
456,1110,退
457,1111,逮
458,1112,隊
459,1113,代
45A,1114,台
45B,1115,大
45C,1116,第
45D,1117,題
45E,1118,滝
45F,1119,卓
460,1120,宅
461,1121,択
462,1122,拓
463,1123,沢
464,1124,琢
465,1125,託
466,1126,叩
467,1127,達
468,1128,奪
469,1129,脱
46A,1130,辿
46B,1131,棚
46C,1132,谷
46D,1133,誰
46E,1134,丹
46F,1135,単
470,1136,担
471,1137,探
472,1138,旦
473,1139,淡
474,1140,短
475,1141,端
476,1142,胆
477,1143,誕
478,1144,断
479,1145,段
47A,1146,男
47B,1147,談
47C,1148,値
47D,1149,知
47E,1150,地
47F,1151,恥
480,1152,智
481,1153,池
482,1154,痴
483,1155,置
484,1156,致
485,1157,遅
486,1158,馳
487,1159,築
488,1160,竹
489,1161,蓄
48A,1162,茶
48B,1163,着
48C,1164,中
48D,1165,仲
48E,1166,忠
48F,1167,抽
490,1168,昼
491,1169,柱
492,1170,注
493,1171,虫
494,1172,駐
495,1173,丁
496,1174,喋
497,1175,帳
498,1176,庁
499,1177,張
49A,1178,徴
49B,1179,挑
49C,1180,朝
49D,1181,町
49E,1182,眺
49F,1183,聴
4A0,1184,腸
4A1,1185,蝶
4A2,1186,調
4A3,1187,超
4A4,1188,跳
4A5,1189,長
4A6,1190,頂
4A7,1191,鳥
4A8,1192,直
4A9,1193,沈
4AA,1194,珍
4AB,1195,津
4AC,1196,追
4AD,1197,痛
4AE,1198,通
4AF,1199,塚
4B0,1200,掴
4B1,1201,潰
4B2,1202,吊
4B3,1203,釣
4B4,1204,低
4B5,1205,停
4B6,1206,偵
4B7,1207,定
4B8,1208,底
4B9,1209,庭
4BA,1210,弟
4BB,1211,挺
4BC,1212,提
4BD,1213,梯
4BE,1214,締
4BF,1215,艇
4C0,1216,諦
4C1,1217,鄭
4C2,1218,釘
4C3,1219,泥
4C4,1220,敵
4C5,1221,的
4C6,1222,適
4C7,1223,溺
4C8,1224,哲
4C9,1225,徹
4CA,1226,鉄
4CB,1227,典
4CC,1228,天
4CD,1229,展
4CE,1230,店
4CF,1231,貼
4D0,1232,転
4D1,1233,点
4D2,1234,伝
4D3,1235,田
4D4,1236,電
4D5,1237,兎
4D6,1238,吐
4D7,1239,堵
4D8,1240,塗
4D9,1241,妬
4DA,1242,徒
4DB,1243,渡
4DC,1244,登
4DD,1245,賭
4DE,1246,途
4DF,1247,都
4E0,1248,努
4E1,1249,度
4E2,1250,土
4E3,1251,奴
4E4,1252,怒
4E5,1253,倒
4E6,1254,党
4E7,1255,冬
4E8,1256,凍
4E9,1257,刀
4EA,1258,唐
4EB,1259,島
4EC,1260,東
4ED,1261,盗
4EE,1262,灯
4EF,1263,当
4F0,1264,等
4F1,1265,答
4F2,1266,筒
4F3,1267,糖
4F4,1268,統
4F5,1269,到
4F6,1270,藤
4F7,1271,豆
4F8,1272,踏
4F9,1273,逃
4FA,1274,頭
4FB,1275,闘
4FC,1276,働
4FD,1277,動
4FE,1278,同
4FF,1279,堂
500,1280,導
501,1281,洞
502,1282,童
503,1283,道
504,1284,得
505,1285,徳
506,1286,特
507,1287,毒
508,1288,独
509,1289,読
50A,1290,突
50B,1291,届
50C,1292,頓
50D,1293,曇
50E,1294,鈍
50F,1295,奈
510,1296,那
511,1297,内
512,1298,謎
513,1299,馴
514,1300,縄
515,1301,南
516,1302,難
517,1303,二
518,1304,匂
519,1305,賑
51A,1306,肉
51B,1307,日
51C,1308,乳
51D,1309,入
51E,1310,任
51F,1311,妊
520,1312,忍
521,1313,認
522,1314,寧
523,1315,猫
524,1316,熱
525,1317,年
526,1318,念
527,1319,粘
528,1320,之
529,1321,悩
52A,1322,納
52B,1323,能
52C,1324,脳
52D,1325,農
52E,1326,把
52F,1327,波
530,1328,派
531,1329,破
532,1330,馬
533,1331,廃
534,1332,拝
535,1333,排
536,1334,敗
537,1335,杯
538,1336,背
539,1337,肺
53A,1338,輩
53B,1339,配
53C,1340,買
53D,1341,売
53E,1342,這
53F,1343,剥
540,1344,博
541,1345,泊
542,1346,白
543,1347,薄
544,1348,迫
545,1349,爆
546,1350,箱
547,1351,肌
548,1352,八
549,1353,発
54A,1354,髪
54B,1355,罰
54C,1356,抜
54D,1357,閥
54E,1358,鳩
54F,1359,隼
550,1360,伴
551,1361,判
552,1362,半
553,1363,反
554,1364,叛
555,1365,犯
556,1366,繁
557,1367,般
558,1368,販
559,1369,範
55A,1370,飯
55B,1371,挽
55C,1372,晩
55D,1373,番
55E,1374,卑
55F,1375,否
560,1376,彼
561,1377,悲
562,1378,扉
563,1379,披
564,1380,斐
565,1381,比
566,1382,疲
567,1383,皮
568,1384,秘
569,1385,被
56A,1386,費
56B,1387,避
56C,1388,非
56D,1389,飛
56E,1390,備
56F,1391,尾
570,1392,微
571,1393,眉
572,1394,美
573,1395,鼻
574,1396,匹
575,1397,彦
576,1398,必
577,1399,百
578,1400,標
579,1401,漂
57A,1402,表
57B,1403,評
57C,1404,豹
57D,1405,描
57E,1406,病
57F,1407,品
580,1408,浜
581,1409,貧
582,1410,頻
583,1411,敏
584,1412,不
585,1413,付
586,1414,夫
587,1415,婦
588,1416,怖
589,1417,敷
58A,1418,普
58B,1419,浮
58C,1420,父
58D,1421,腐
58E,1422,負
58F,1423,武
590,1424,舞
591,1425,部
592,1426,封
593,1427,風
594,1428,伏
595,1429,復
596,1430,福
597,1431,腹
598,1432,複
599,1433,覆
59A,1434,淵
59B,1435,払
59C,1436,仏
59D,1437,物
59E,1438,鮒
59F,1439,分
5A0,1440,憤
5A1,1441,奮
5A2,1442,粉
5A3,1443,紛
5A4,1444,雰
5A5,1445,文
5A6,1446,聞
5A7,1447,併
5A8,1448,塀
5A9,1449,平
5AA,1450,柄
5AB,1451,並
5AC,1452,閉
5AD,1453,米
5AE,1454,壁
5AF,1455,癖
5B0,1456,別
5B1,1457,偏
5B2,1458,変
5B3,1459,片
5B4,1460,編
5B5,1461,辺
5B6,1462,返
5B7,1463,遍
5B8,1464,便
5B9,1465,勉
5BA,1466,弁
5BB,1467,鞭
5BC,1468,保
5BD,1469,舗
5BE,1470,補
5BF,1471,募
5C0,1472,墓
5C1,1473,慕
5C2,1474,暮
5C3,1475,母
5C4,1476,簿
5C5,1477,菩
5C6,1478,包
5C7,1479,呆
5C8,1480,崩
5C9,1481,抱
5CA,1482,放
5CB,1483,方
5CC,1484,法
5CD,1485,泡
5CE,1486,烹
5CF,1487,訪
5D0,1488,豊
5D1,1489,飽
5D2,1490,乏
5D3,1491,亡
5D4,1492,坊
5D5,1493,帽
5D6,1494,忘
5D7,1495,忙
5D8,1496,房
5D9,1497,暴
5DA,1498,望
5DB,1499,某
5DC,1500,棒
5DD,1501,冒
5DE,1502,膨
5DF,1503,謀
5E0,1504,防
5E1,1505,吠
5E2,1506,北
5E3,1507,僕
5E4,1508,睦
5E5,1509,勃
5E6,1510,没
5E7,1511,本
5E8,1512,凡
5E9,1513,磨
5EA,1514,魔
5EB,1515,麻
5EC,1516,埋
5ED,1517,妹
5EE,1518,昧
5EF,1519,枚
5F0,1520,毎
5F1,1521,幕
5F2,1522,又
5F3,1523,末
5F4,1524,万
5F5,1525,慢
5F6,1526,満
5F7,1527,漫
5F8,1528,味
5F9,1529,未
5FA,1530,密
5FB,1531,蜜
5FC,1532,脈
5FD,1533,妙
5FE,1534,民
5FF,1535,眠
600,1536,務
601,1537,夢
602,1538,無
603,1539,矛
604,1540,娘
605,1541,名
606,1542,命
607,1543,明
608,1544,迷
609,1545,鳴
60A,1546,滅
60B,1547,免
60C,1548,面
60D,1549,模
60E,1550,茂
60F,1551,妄
610,1552,毛
611,1553,盲
612,1554,網
613,1555,儲
614,1556,木
615,1557,黙
616,1558,目
617,1559,戻
618,1560,貰
619,1561,問
61A,1562,紋
61B,1563,門
61C,1564,也
61D,1565,夜
61E,1566,野
61F,1567,矢
620,1568,厄
621,1569,役
622,1570,約
623,1571,薬
624,1572,訳
625,1573,躍
626,1574,油
627,1575,癒
628,1576,唯
629,1577,優
62A,1578,勇
62B,1579,友
62C,1580,幽
62D,1581,悠
62E,1582,有
62F,1583,湧
630,1584,由
631,1585,裕
632,1586,誘
633,1587,遊
634,1588,夕
635,1589,予
636,1590,余
637,1591,与
638,1592,預
639,1593,幼
63A,1594,容
63B,1595,揺
63C,1596,様
63D,1597,洋
63E,1598,用
63F,1599,葉
640,1600,要
641,1601,陽
642,1602,養
643,1603,抑
644,1604,欲
645,1605,浴
646,1606,淀
647,1607,来
648,1608,頼
649,1609,絡
64A,1610,落
64B,1611,乱
64C,1612,嵐
64D,1613,覧
64E,1614,利
64F,1615,履
650,1616,理
651,1617,裏
652,1618,離
653,1619,律
654,1620,率
655,1621,立
656,1622,略
657,1623,流
658,1624,溜
659,1625,留
65A,1626,隆
65B,1627,慮
65C,1628,旅
65D,1629,了
65E,1630,僚
65F,1631,両
660,1632,料
661,1633,廉
662,1634,良
663,1635,量
664,1636,領
665,1637,力
666,1638,緑
667,1639,林
668,1640,臨
669,1641,輪
66A,1642,隣
66B,1643,涙
66C,1644,類
66D,1645,令
66E,1646,例
66F,1647,冷
670,1648,励
671,1649,礼
672,1650,隷
673,1651,霊
674,1652,麗
675,1653,齢
676,1654,暦
677,1655,列
678,1656,裂
679,1657,恋
67A,1658,練
67B,1659,連
67C,1660,錬
67D,1661,呂
67E,1662,露
67F,1663,労
680,1664,廊
681,1665,朗
682,1666,漏
683,1667,狼
684,1668,郎
685,1669,六
686,1670,録
687,1671,論
688,1672,和
689,1673,話
68A,1674,惑
68B,1675,枠
68C,1676,鷲
68D,1677,儚
68E,1678,凛
68F,1679,几
690,1680,呻
691,1681,嘲
692,1682,噪
693,1683,墟
694,1684,尻
695,1685,彷
696,1686,徊
697,1687,徨
698,1688,徭
699,1689,憑
69A,1690,暝
69B,1691,渾
69C,1692,溌
69D,1693,炸
69E,1694,煌
69F,1695,璧
6A0,1696,腕
6A1,1697,筏
6A2,1698,鮃
6A3,1699,鰯
6A4,1700,鼾
6A5,1701,齟
6A6,1702,齬
6A7,1703,齷
