scene	entry	rows	status
1.0	1	203	read
1.1	1	20	read
1.2	1	4	read
2.0	2	251	read
2.1	2	18	read
3.0	3	308	read
3.1	3	3	read
4.0	4	146	read
4.1	4	2	read
5.0	5	129	read
5.1	5	12	read
6.0	6	229	read
6.1	6	15	read
7.0	7	207	read
7.1	7	17	read
9.0	9	635	read
9.1	9	10	read
10.0	10	393	read
10.1	10	23	read
11.0	11	90	read
12.0	12	242	read
12.1	12	3	read
13.0	13	201	read
13.1	13	2	read
14.0	14	580	read
14.1	14	29	read
14.2	14	3	read
15.0	15	553	read
15.1	15	7	read
16.0	16	187	read
16.1	16	15	read
16.2	16	3	read
16.3	16	1	read
17.0	17	357	read
17.1	17	18	read
19.0	19	399	read
19.1	19	23	read
19.2	19	1	read
20.0	20	268	read
20.1	20	2	read
21.0	21	432	read
21.1	21	30	read
21.2	21	3	read
21.3	21	1	read
22.0	22	174	read
22.1	22	18	read
23.0	23	575	read
23.1	23	9	read
24.0	24	229	read
24.1	24	25	read
25.0	25	456	read
25.1	25	27	read
25.2	25	4	read
25.3	25	1	read
26.0	26	494	read
26.1	26	28	read
26.2	26	3	read
26.3	26	1	read
27.0	27	121	read
28.0	28	403	read
28.1	28	3	read
29.0	29	409	read
29.1	29	34	read
29.2	29	1	read
30.0	30	383	read
30.1	30	3	read
31.0	31	440	read
31.1	31	3	read
32.0	32	237	todo
32.1	32	13	todo
32.2	32	4	todo
33.0	33	412	todo
33.1	33	3	todo
34.0	34	423	todo
34.1	34	5	todo
35.0	35	433	todo
35.1	35	22	todo
35.2	35	4	todo
35.3	35	1	todo
36.0	36	499	todo
36.1	36	25	todo
36.2	36	4	todo
37.0	37	627	todo
37.1	37	9	todo
38.0	38	286	todo
38.1	38	3	todo
39.0	39	396	read
39.1	39	15	read
39.2	39	4	read
40.0	40	147	todo
41.0	41	281	read
41.1	41	2	read
42.0	42	1028	read
42.1	42	4	read
43.0	43	275	read
43.1	43	11	read
43.2	43	3	read
44.0	44	318	read
44.1	44	35	read
44.2	44	3	read
45.0	45	256	todo
45.1	45	21	todo
46.0	46	282	read
46.1	46	3	read
47.0	47	266	read
47.1	47	2	read
48.0	48	262	read
48.1	48	2	read
49.0	49	322	todo
49.1	49	21	todo
50.0	50	315	read
50.1	50	4	read
51.0	51	349	read
51.1	51	25	read
52.0	52	281	read
52.1	52	4	read
53.0	53	259	todo
53.1	53	17	todo
54.0	54	255	todo
54.1	54	18	todo
55.0	55	251	todo
55.1	55	15	todo
56.0	56	600	read
56.1	56	21	read
56.2	56	3	read
57.0	57	217	read
58.0	58	393	todo
58.1	58	16	todo
60.0	60	619	read
60.1	60	5	read
61.0	61	595	read
61.1	61	6	read
62.0	62	439	read
62.1	62	15	read
62.2	62	3	read
63.0	63	411	read
63.1	63	3	read
64.0	64	388	read
64.1	64	24	read
65.0	65	413	read
65.1	65	3	read
66.0	66	397	read
66.1	66	24	read
67.0	67	378	read
67.1	67	21	read
68.0	68	688	read
68.1	68	5	read
69.0	69	392	read
69.1	69	3	read
70.0	70	409	read
70.1	70	3	read
71.0	71	375	read
71.1	71	21	read
72.0	72	386	read
72.1	72	18	read
73.0	73	506	read
73.1	73	30	read
73.2	73	3	read
74.0	74	518	read
74.1	74	4	read
75.0	75	489	read
75.1	75	6	read
76.0	76	515	read
76.1	76	6	read
77.0	77	421	read
77.1	77	20	read
77.2	77	4	read
78.0	78	134	read
79.0	79	490	todo
79.1	79	30	todo
80.0	80	932	read
80.1	80	47	read
80.2	80	7	read
80.3	80	4	read
81.0	81	492	todo
81.1	81	28	todo
81.2	81	3	todo
82.0	82	585	read
82.1	82	8	read
83.0	83	550	todo
83.1	83	38	todo
84.0	84	702	read
84.1	84	6	read
85.0	85	547	todo
85.1	85	38	todo
86.0	86	461	todo
86.1	86	36	todo
87.0	87	355	todo
87.1	87	31	todo
88.0	88	707	read
88.1	88	5	read
89.0	89	148	todo
89.1	89	21	todo
90.0	90	566	read
90.1	90	8	read
91.0	91	451	todo
91.1	91	31	todo
92.0	92	495	read
92.1	92	8	read
93.0	93	493	read
93.1	93	8	read
94.0	94	458	todo
94.1	94	36	todo
95.0	95	576	todo
95.1	95	9	todo
96.0	96	494	read
96.1	96	8	read
97.0	97	490	read
97.1	97	8	read
98.0	98	488	read
98.1	98	8	read
99.0	99	457	todo
99.1	99	38	todo
100.0	100	681	read
100.1	100	8	read
101.0	101	525	todo
101.1	101	2	todo
102.0	102	502	read
102.1	102	24	read
102.2	102	6	read
102.3	102	1	read
103.0	103	157	todo
104.0	104	287	todo
104.1	104	19	todo
106.0	106	551	read
106.1	106	8	read
107.0	107	239	todo
107.1	107	2	todo
108.0	108	466	read
108.1	108	6	read
109.0	109	317	read
109.1	109	3	read
110.0	110	271	todo
110.1	110	25	todo
111.0	111	311	todo
111.1	111	4	todo
112.0	112	280	todo
112.1	112	25	todo
113.0	113	462	read
113.1	113	27	read
114.0	114	266	todo
114.1	114	20	todo
114.2	114	3	todo
115.0	115	266	todo
115.1	115	28	todo
116.0	116	544	read
116.1	116	31	read
116.2	116	1	read
116.3	116	4	read
117.0	117	260	todo
117.1	117	22	todo
118.0	118	316	todo
118.1	118	22	todo
119.0	119	262	todo
119.1	119	22	todo
119.2	119	3	todo
120.0	120	280	todo
120.1	120	3	todo
121.0	121	256	todo
121.1	121	22	todo
122.0	122	283	todo
122.1	122	4	todo
123.0	123	311	todo
123.1	123	21	todo
123.2	123	4	todo
124.0	124	134	todo
125.0	125	243	todo
125.1	125	3	todo
126.0	126	932	read
126.1	126	47	read
126.2	126	7	read
126.3	126	4	read
127.0	127	235	todo
127.1	127	14	todo
127.2	127	3	todo
128.0	128	722	read
128.1	128	38	read
128.2	128	3	read
129.0	129	234	todo
129.1	129	25	todo
130.0	130	262	todo
130.1	130	5	todo
131.0	131	247	todo
131.1	131	4	todo
132.0	132	223	todo
132.1	132	3	todo
133.0	133	270	todo
133.1	133	27	todo
134.0	134	185	todo
134.1	134	2	todo
135.0	135	195	todo
135.1	135	22	todo
136.0	136	192	todo
136.1	136	17	todo
137.0	137	221	todo
137.1	137	3	todo
138.0	138	223	todo
138.1	138	3	todo
139.0	139	388	todo
139.1	139	26	todo
140.0	140	209	todo
140.1	140	18	todo
141.0	141	200	todo
141.1	141	22	todo
141.2	141	3	todo
142.0	142	220	todo
142.1	142	3	todo
143.0	143	192	todo
143.1	143	22	todo
144.0	144	196	todo
144.1	144	24	todo
145.0	145	222	todo
145.1	145	3	todo
146.0	146	427	read
146.1	146	5	read
147.0	147	136	todo
147.1	147	8	todo
147.2	147	4	todo
147.3	147	1	todo
148.0	148	225	todo
148.1	148	18	todo
148.2	148	1	todo
150.0	150	360	read
150.1	150	3	read
151.0	151	185	todo
151.1	151	12	todo
151.2	151	3	todo
152.0	152	145	todo
152.1	152	12	todo
152.2	152	3	todo
153.0	153	237	read
153.1	153	3	read
154.0	154	218	todo
154.1	154	23	todo
155.0	155	241	read
155.1	155	3	read
156.0	156	227	todo
156.1	156	23	todo
157.0	157	205	todo
157.1	157	20	todo
158.0	158	325	todo
158.1	158	24	todo
158.2	158	3	todo
159.0	159	218	read
159.1	159	3	read
160.0	160	237	read
160.1	160	3	read
161.0	161	205	todo
161.1	161	20	todo
162.0	162	214	todo
162.1	162	17	todo
163.0	163	207	read
163.1	163	20	read
163.2	163	3	read
164.0	164	224	read
164.1	164	3	read
165.0	165	199	todo
165.1	165	20	todo
166.0	166	226	read
166.1	166	4	read
167.0	167	272	todo
167.1	167	19	todo
168.0	168	595	read
168.1	168	7	read
169.0	169	470	read
169.1	169	22	read
169.2	169	5	read
169.3	169	1	read
170.0	170	604	read
170.1	170	5	read
171.0	171	120	todo
171.1	171	12	todo
172.0	172	238	todo
172.1	172	3	todo
173.0	173	932	read
173.1	173	47	read
173.2	173	7	read
173.3	173	4	read
174.0	174	245	todo
174.1	174	3	todo
175.0	175	319	todo
175.1	175	4	todo
176.0	176	322	todo
176.1	176	4	todo
177.0	177	302	todo
177.1	177	29	todo
178.0	178	871	read
178.1	178	32	read
178.2	178	4	read
179.0	179	201	todo
179.1	179	18	todo
180.0	180	205	todo
180.1	180	19	todo
181.0	181	133	todo
181.1	181	13	todo
181.2	181	4	todo
181.3	181	1	todo
182.0	182	191	todo
182.1	182	16	todo
183.0	183	198	todo
183.1	183	15	todo
184.0	184	266	read
184.1	184	21	read
184.2	184	4	read
184.3	184	2	read
185.0	185	214	todo
185.1	185	3	todo
186.0	186	218	todo
186.1	186	4	todo
187.0	187	197	todo
187.1	187	18	todo
187.2	187	3	todo
188.0	188	193	todo
188.1	188	20	todo
189.0	189	209	todo
189.1	189	3	todo
190.0	190	214	todo
190.1	190	4	todo
191.0	191	781	read
191.1	191	30	read
191.2	191	5	read
191.3	191	1	read
192.0	192	155	read
193.0	193	322	todo
193.1	193	20	todo
193.2	193	1	todo
195.0	195	267	todo
195.1	195	21	todo
195.2	195	3	todo
196.0	196	214	read
196.1	196	4	read
197.0	197	176	todo
197.1	197	15	todo
197.2	197	3	todo
197.3	197	1	todo
198.0	198	665	read
198.1	198	7	read
199.0	199	318	read
199.1	199	3	read
200.0	200	297	todo
200.1	200	21	todo
200.2	200	3	todo
201.0	201	327	read
201.1	201	3	read
202.0	202	450	todo
202.1	202	22	todo
202.2	202	3	todo
203.0	203	311	read
203.1	203	3	read
204.0	204	440	todo
204.1	204	27	todo
205.0	205	294	todo
205.1	205	17	todo
205.2	205	1	todo
205.3	205	3	todo
206.0	206	303	todo
206.1	206	25	todo
206.2	206	1	todo
207.0	207	567	read
207.1	207	7	read
208.0	208	313	todo
208.1	208	3	todo
209.0	209	280	todo
209.1	209	22	todo
210.0	210	300	todo
210.1	210	3	todo
211.0	211	397	todo
211.1	211	9	todo
212.0	212	353	read
212.1	212	2	read
213.0	213	166	todo
214.0	214	372	todo
214.1	214	3	todo
215.0	215	932	read
215.1	215	47	read
215.2	215	7	read
215.3	215	4	read
216.0	216	363	todo
216.1	216	16	todo
216.2	216	3	todo
217.0	217	736	read
217.1	217	39	read
218.0	218	551	read
218.1	218	33	read
219.0	219	579	todo
219.1	219	6	todo
220.0	220	485	read
220.1	220	26	read
221.0	221	354	read
221.1	221	3	read
222.0	222	358	read
222.1	222	3	read
223.0	223	103	todo
223.1	223	11	todo
223.2	223	3	todo
223.3	223	1	todo
224.0	224	378	read
224.1	224	21	read
225.0	225	508	read
225.1	225	4	read
226.0	226	354	read
226.1	226	3	read
227.0	227	329	todo
227.1	227	23	todo
228.0	228	469	read
228.1	228	7	read
229.0	229	356	read
229.1	229	3	read
230.0	230	349	read
230.1	230	3	read
231.0	231	321	read
231.1	231	23	read
232.0	232	326	read
232.1	232	25	read
233.0	233	291	read
233.1	233	21	read
233.2	233	3	read
233.3	233	5	read
233.4	233	3	read
240.0	240	669	read
240.1	240	10	read
246.0	246	104	todo
246.1	246	4	todo
253.0	253	192	read
253.1	253	29	read
253.2	253	4	read
254.0	254	338	read
254.1	254	23	read
254.2	254	4	read
254.3	254	1	read
256.0	256	107	todo
256.1	256	5	todo
257.0	257	381	read
257.1	257	39	read
257.2	257	8	read
257.3	257	1	read
258.0	258	145	read
259.0	259	145	read
260.0	260	145	read
261.0	261	201	read
261.1	261	1	read
262.0	262	139	read
263.0	263	116	read
263.1	263	20	read
264.0	264	36	todo
265.0	265	113	read
265.1	265	13	read
266.0	266	174	read
266.1	266	16	read
267.0	267	200	read
267.1	267	25	read
268.0	268	117	read
268.1	268	19	read
269.0	269	8	todo
270.0	270	74	todo
270.1	270	15	todo
272.0	272	123	read
273.0	273	100	read
273.1	273	4	read
273.2	273	5	read
273.3	273	1	read
276.0	276	191	read
276.1	276	9	read
277.0	277	78	todo
277.1	277	5	todo
277.2	277	6	todo
277.3	277	1	todo
278.0	278	54	todo
278.1	278	23	todo
278.2	278	1	todo
279.0	279	362	read
279.1	279	10	read
280.0	280	210	read
280.1	280	5	read
281.0	281	110	read
281.1	281	20	read
281.2	281	3	read
281.3	281	1	read
433.0	433	298	read
433.1	433	2	read
435.0	435	143	todo
437.0	437	268	read
437.1	437	10	read
437.2	437	2	read
438.0	438	30	todo
439.0	439	17	todo
439.1	439	2	todo
440.0	440	46	todo
441.0	441	6	todo
441.1	441	6	todo
442.0	442	18	todo
442.1	442	10	todo
443.0	443	53	read
443.1	443	1	read
444.0	444	18	todo
445.0	445	20	todo
446.0	446	10	todo
447.0	447	54	todo
448.0	448	25	read
448.1	448	1	read
449.0	449	39	todo
450.0	450	29	todo
450.1	450	1	todo
451.0	451	38	todo
452.0	452	37	read
452.1	452	8	read
453.0	453	8	todo
454.0	454	5	read
455.0	455	3	read
455.1	455	6	read
456.0	456	14	read
456.1	456	5	read
457.0	457	27	read
458.0	458	85	read
459.0	459	21	read
460.0	460	18	read
461.0	461	5	read
462.0	462	65	read
462.1	462	15	read
463.0	463	43	read
464.0	464	40	read
464.1	464	6	read
464.2	464	2	read
465.0	465	11	read
465.1	465	10	read
