scene	kind	entry	idx_from	idx_to	rows	codes	location	speakers	note
1.0	scene	1	0	202	203	2094			
1.1	scene	1	203	222	20	119		洋子 神宮寺 女性 静江	
1.2	scene	1	223	226	4	44			
2.0	scene	2	0	250	251	2675			
2.1	scene	2	251	268	18	82		静江 洋子 神宮寺 春菜	
3.0	scene	3	0	310	308	3210		男 礼子 洋子 神宮寺 哲三 静江	
3.1	scene	3	311	313	3	18			
4.0	scene	4	0	147	146	1355		神宮寺 洋子 春菜	
4.1	scene	4	148	149	2	12			
5.0	scene	5	0	128	129	1279			
5.1	scene	5	129	140	12	59		洋子 神宮寺	
6.0	scene	6	0	228	229	2486		洋子の声	
6.1	scene	6	229	243	15	70		神宮寺 洋子	
7.0	scene	7	0	206	207	2101			
7.1	scene	7	207	223	17	91		神宮寺 洋子	
9.0	scene	9	0	645	635	6818		静江 洋子 神宮寺 春菜 礼子	
9.1	scene	9	647	656	10	61			
10.0	scene	10	0	392	393	4131			
10.1	scene	10	393	415	23	114		洋子 神宮寺 春菜	
11.0	scene	11	0	89	90	772			
12.0	scene	12	0	244	242	2462		神宮寺 洋子 春菜	
12.1	scene	12	245	247	3	16			
13.0	scene	13	0	202	201	1990		熊野 神宮寺 洋子 春菜	
13.1	scene	13	203	204	2	11			
14.0	scene	14	0	579	580	6393		洋子の声	
14.1	scene	14	580	608	29	164		熊野 神宮寺 春菜 洋子	
14.2	scene	14	609	611	3	28			
15.0	scene	15	0	559	553	5804		春菜 神宮寺 洋子	
15.1	scene	15	560	566	7	43			
16.0	scene	16	0	186	187	1876			
16.1	scene	16	187	201	15	69		神宮寺	
16.2	scene	16	202	204	3	28			
16.3	scene	16	205	205	1	11			
17.0	scene	17	0	356	357	3734	事務所前		
17.1	scene	17	357	374	18	94		洋子 神宮寺 春菜	
19.0	scene	19	0	398	399	4141			
19.1	scene	19	399	421	23	138		洋子 神宮寺 春菜	
19.2	scene	19	422	422	1	16	再び大河原家		
20.0	scene	20	0	269	268	2740	は	洋子 神宮寺 春菜 静江	
20.1	scene	20	270	271	2	13			
21.0	scene	21	0	431	432	4632			
21.1	scene	21	432	461	30	171		静江 神宮寺 洋子 春菜	
21.2	scene	21	462	464	3	23			
21.3	scene	21	465	465	1	11			
22.0	scene	22	0	173	174	1801			
22.1	scene	22	175	192	18	95		洋子 神宮寺 春菜	
23.0	scene	23	0	583	575	6022		洋子 神宮寺 春菜 女性 佐ー木	
23.1	scene	23	584	592	9	63			
24.0	scene	24	0	228	229	2421			
24.1	scene	24	230	254	25	145		洋子 神宮寺 春菜	
25.0	scene	25	0	455	456	4827			
25.1	scene	25	456	482	27	162		洋子 神宮寺 春菜 前田	
25.2	scene	25	483	486	4	28		メゾン西新宿	
25.3	scene	25	487	487	1	16	新宿駅西口		
26.0	scene	26	0	493	494	5352			
26.1	scene	26	495	522	28	165		洋子 神宮寺 春菜	
26.2	scene	26	523	525	3	22			
26.3	scene	26	526	526	1	13			
27.0	scene	27	0	120	121	1115		洋子 神宮寺 春菜	
28.0	scene	28	0	405	403	4026		洋子 神宮寺 春菜	
28.1	scene	28	406	408	3	25			
29.0	scene	29	0	408	409	4279			
29.1	scene	29	409	442	34	194		洋子 神宮寺 春菜 女性	
29.2	scene	29	443	443	1	13			
30.0	scene	30	0	385	383	3780		洋子 神宮寺 春菜	
30.1	scene	30	386	388	3	25			
31.0	scene	31	0	442	440	4380		洋子 神宮寺 春菜 男	
31.1	scene	31	443	445	3	25			
32.0	scene	32	0	236	237	2512			
32.1	scene	32	237	249	13	62		神宮寺 洋子 春菜	
32.2	scene	32	250	253	4	29		メゾン西新宿	
33.0	scene	33	0	414	412	4171	淀橋署	洋子 神宮寺 春菜 メゾン西新宿	
33.1	scene	33	415	417	3	25			
34.0	scene	34	0	427	423	4250	淀橋署受付	熊野 洋子 神宮寺 春菜	
34.1	scene	34	428	432	5	44			
35.0	scene	35	0	432	433	4546			
35.1	scene	35	433	454	22	116		春菜 神宮寺 洋子	
35.2	scene	35	455	458	4	30			
35.3	scene	35	459	459	1	13	事務所		
36.0	scene	36	0	498	499	5263	事務所		
36.1	scene	36	499	523	25	129		春菜 神宮寺 洋子 智美	
36.2	scene	36	524	527	4	30			
37.0	scene	37	0	635	627	6605		静江 神宮寺 春菜 洋子	
37.1	scene	37	637	645	9	53			
38.0	scene	38	0	288	286	2836		智美 神宮寺 洋子 春菜	
38.1	scene	38	289	291	3	19			
39.0	scene	39	0	395	396	4191	事務所		
39.1	scene	39	396	410	15	85		春菜 神宮寺	
39.2	scene	39	411	414	4	30			
40.0	scene	40	0	148	147	1361			
41.0	scene	41	0	282	281	2791	事務所の前	洋子 神宮寺 春菜	
41.1	scene	41	283	284	2	14			
42.0	scene	42	0	1065	1028	10598		かすみ 神宮寺 まなみ	
42.1	scene	42	1066	1069	4	40			
43.0	scene	43	0	274	275	2786	大河原家		
43.1	scene	43	275	285	11	44		洋子 神宮寺 春菜	
43.2	scene	43	286	288	3	23			
44.0	scene	44	0	317	318	3305			
44.1	scene	44	318	352	35	259		洋子 神宮寺 春菜	
44.2	scene	44	353	355	3	22			
45.0	scene	45	0	255	256	2598			
45.1	scene	45	257	277	21	101		洋子 神宮寺 春菜	
46.0	scene	46	0	284	282	2705		洋子 神宮寺 春菜	
46.1	scene	46	286	288	3	24			
47.0	scene	47	0	267	266	2554		洋子 神宮寺 春菜	
47.1	scene	47	269	270	2	14			
48.0	scene	48	0	263	262	2542	新宿駅西口	洋子 神宮寺 春菜	
48.1	scene	48	264	265	2	14			
49.0	scene	49	0	321	322	3395			
49.1	scene	49	323	343	21	120		洋子 神宮寺 春菜	
50.0	scene	50	0	318	315	3315		女性 神宮寺 亜希 洋子 春菜	
50.1	scene	50	319	322	4	24			
51.0	scene	51	0	348	349	3766			
51.1	scene	51	350	374	25	143		洋子 神宮寺 春菜 貴之	
52.0	scene	52	0	284	281	2689		神宮寺 洋子 春菜	
52.1	scene	52	285	288	4	26			
53.0	scene	53	0	258	259	2613			
53.1	scene	53	260	276	17	91		洋子 神宮寺 春菜	
54.0	scene	54	0	254	255	2576	淀橋署		
54.1	scene	54	255	272	18	99		洋子 神宮寺 春菜	
55.0	scene	55	0	250	251	2503			
55.1	scene	55	252	266	15	77		洋子 神宮寺 春菜	
56.0	scene	56	0	599	600	6447			
56.1	scene	56	600	620	21	118		神宮寺 春菜	
56.2	scene	56	621	623	3	22			
57.0	scene	57	0	218	217	2129		洋子の声	
58.0	scene	58	0	392	393	4182	事務所の前		
58.1	scene	58	393	408	16	82		洋子 神宮寺 春菜	
60.0	scene	60	0	623	619	6572	大河原家	哲三 神宮寺 礼子 洋子 春菜	
60.1	scene	60	624	628	5	37			
61.0	scene	61	0	600	595	6462		哲三 静江 洋子 神宮寺 春菜 礼子	
61.1	scene	61	601	606	6	44			
62.0	scene	62	0	438	439	4769			
62.1	scene	62	439	453	15	61		春菜 洋子 神宮寺	
62.2	scene	62	454	456	3	23			
63.0	scene	63	0	413	411	4182		洋子 神宮寺 春菜	
63.1	scene	63	415	417	3	25			
64.0	scene	64	0	387	388	4107			
64.1	scene	64	389	412	24	122		洋子 神宮寺 春菜	
65.0	scene	65	0	415	413	4198		洋子 神宮寺 春菜	
65.1	scene	65	417	419	3	25			
66.0	scene	66	0	396	397	4191			
66.1	scene	66	398	421	24	122		洋子 神宮寺 春菜	
67.0	scene	67	0	377	378	3978	新宿駅西口		
67.1	scene	67	378	398	21	121		洋子 神宮寺 春菜	
68.0	scene	68	0	692	688	7345	託児所	洋子 神宮寺 春菜 女性	
68.1	scene	68	695	699	5	38			
69.0	scene	69	0	394	392	4061		洋子 神宮寺 春菜	
69.1	scene	69	396	398	3	25			
70.0	scene	70	0	411	409	4217		洋子 神宮寺 春菜	
70.1	scene	70	413	415	3	25			
71.0	scene	71	0	374	375	3978	淀橋署前		
71.1	scene	71	375	395	21	123		洋子 神宮寺 春菜	
72.0	scene	72	0	385	386	4055			
72.1	scene	72	387	404	18	98		洋子 神宮寺 春菜	
73.0	scene	73	0	505	506	5379	歌舞伎町		
73.1	scene	73	506	535	30	191		洋子 神宮寺 春菜 男性	
73.2	scene	73	536	538	3	19			
74.0	scene	74	0	521	518	5358	コマ劇場前	洋子 神宮寺 春菜	
74.1	scene	74	522	525	4	30			
75.0	scene	75	0	494	489	5042		洋子 神宮寺 春菜 女性	
75.1	scene	75	495	500	6	42			
76.0	scene	76	0	520	515	5331	アルタ前	洋子 神宮寺 春菜 男	
76.1	scene	76	521	526	6	46			
77.0	scene	77	0	420	421	4368			
77.1	scene	77	421	440	20	117		春菜 神宮寺	
77.2	scene	77	441	444	4	30			
78.0	scene	78	0	135	134	1243			
79.0	scene	79	0	489	490	5210	の事務所前		
79.1	scene	79	492	521	30	198		洋子 神宮寺 春菜	
80.0	scene	80	0	931	932	9981		かすみ まなみ	
80.1	scene	80	932	978	47	329		神宮寺	
80.2	scene	80	979	985	7	76			
80.3	scene	80	986	989	4	27			
81.0	scene	81	0	491	492	5217			
81.1	scene	81	492	519	28	175		洋子 神宮寺 春菜	
81.2	scene	81	520	522	3	23			
82.0	scene	82	0	592	585	6045		洋子 神宮寺 春菜	
82.1	scene	82	593	600	8	57			
83.0	scene	83	0	549	550	5839			
83.1	scene	83	550	587	38	232		洋子 神宮寺 春菜	
84.0	scene	84	0	707	702	7379		洋子 神宮寺 春菜 男 荒川 女性	
84.1	scene	84	708	713	6	43			
85.0	scene	85	0	546	547	5805			
85.1	scene	85	547	584	38	232		洋子 神宮寺 春菜	
86.0	scene	86	0	460	461	4887			
86.1	scene	86	461	496	36	243		洋子 神宮寺 春菜	
87.0	scene	87	0	354	355	3700	再び託児所		
87.1	scene	87	355	385	31	224		洋子 神宮寺 春菜	
88.0	scene	88	0	711	707	7581		亜希 洋子 神宮寺 春菜 母親 拓朗 熊野 子供の声	
88.1	scene	88	712	716	5	31			
89.0	scene	89	0	147	148	1616			
89.1	scene	89	148	168	21	127		洋子 神宮寺 春菜 子供 拓朗 母親	
90.0	scene	90	0	573	566	5900		貴之 知也 美鈴 神宮寺 洋子 春菜	
90.1	scene	90	574	581	8	57			
91.0	scene	91	0	450	451	4791			
91.1	scene	91	451	481	31	204		洋子 神宮寺 春菜	
92.0	scene	92	0	502	495	5140		洋子 神宮寺 春菜	
92.1	scene	92	503	510	8	57			
93.0	scene	93	0	500	493	5092		洋子 神宮寺 春菜	
93.1	scene	93	501	508	8	57			
94.0	scene	94	0	457	458	4867			
94.1	scene	94	458	493	36	245		洋子 神宮寺 春菜	
95.0	scene	95	0	584	576	5877		洋子 神宮寺 春菜 熊野 男の子 女の子	
95.1	scene	95	585	593	9	69			
96.0	scene	96	0	501	494	5105		洋子 神宮寺 春菜	
96.1	scene	96	502	509	8	57			
97.0	scene	97	0	497	490	5061		洋子 神宮寺 春菜	
97.1	scene	97	498	505	8	57			
98.0	scene	98	0	495	488	5022		洋子 神宮寺 春菜	
98.1	scene	98	496	503	8	57			
99.0	scene	99	0	456	457	4858			
99.1	scene	99	457	494	38	266		洋子 神宮寺 春菜	
100.0	scene	100	0	688	681	7225		貴之 神宮寺 洋子 春菜 男の子 知也 美鈴	
100.1	scene	100	690	697	8	55			
101.0	scene	101	0	526	525	5537		貴之 知也 美鈴 神宮寺 洋子 春菜	
101.1	scene	101	527	528	2	17			
102.0	scene	102	0	501	502	5411		洋子の声	
102.1	scene	102	502	525	24	121		洋子 神宮寺 春菜	
102.2	scene	102	526	531	6	57			
102.3	scene	102	532	532	1	11			
103.0	scene	103	0	158	157	1491			
104.0	scene	104	0	286	287	2972	事務所前		
104.1	scene	104	287	305	19	109		洋子 神宮寺 春菜	
106.0	scene	106	0	558	551	5800		神宮寺 亜希 洋子 春菜	
106.1	scene	106	560	567	8	54			
107.0	scene	107	0	240	239	2310		亜希 神宮寺 洋子 春菜	
107.1	scene	107	241	242	2	18			
108.0	scene	108	0	471	466	4950		亜希 神宮寺 哲三 静江 洋子 春菜	
108.1	scene	108	472	477	6	38			
109.0	scene	109	0	319	317	3075		神宮寺 貴之 知也 美鈴 洋子 春菜	
109.1	scene	109	323	325	3	25			
110.0	scene	110	0	270	271	2783			
110.1	scene	110	271	295	25	127		洋子 神宮寺 春菜	
111.0	scene	111	0	314	311	3020		神宮寺 貴之 洋子 春菜	
111.1	scene	111	317	320	4	32			
112.0	scene	112	0	279	280	2867			
112.1	scene	112	280	304	25	127		洋子 神宮寺 春菜	
113.0	scene	113	0	461	462	4979	新宿駅西口		
113.1	scene	113	463	489	27	153		神宮寺 貴之 洋子 春菜 美鈴 知也	
114.0	scene	114	0	265	266	2706	託児所		
114.1	scene	114	266	285	20	114		洋子 神宮寺 春菜	
114.2	scene	114	286	288	3	23			
115.0	scene	115	0	265	266	2749			
115.1	scene	115	267	294	28	173		美鈴 貴之 知也 神宮寺 洋子 春菜	
116.0	scene	116	0	543	544	5926	新宿西小学校		
116.1	scene	116	545	575	31	178		美鈴 貴之 知也 神宮寺 洋子 春菜	
116.2	scene	116	576	576	1	9			
116.3	scene	116	577	580	4	26			
117.0	scene	117	0	259	260	2664	淀橋署前		
117.1	scene	117	260	281	22	128		洋子 神宮寺 春菜	
118.0	scene	118	0	315	316	3233			
118.1	scene	118	316	337	22	123		熊野 神宮寺 洋子 春菜	
119.0	scene	119	0	261	262	2685	新宿歌舞伎町		
119.1	scene	119	262	283	22	137		洋子 神宮寺 春菜	
119.2	scene	119	284	286	3	19			
120.0	scene	120	0	282	280	2748	コマ劇場前	洋子 神宮寺 春菜	
120.1	scene	120	283	285	3	25			
121.0	scene	121	0	255	256	2601			
121.1	scene	121	256	277	22	138		洋子 神宮寺 春菜	
122.0	scene	122	0	286	283	2799	アルタ前	洋子 神宮寺 春菜	
122.1	scene	122	287	290	4	34			
123.0	scene	123	0	310	311	3243			
123.1	scene	123	312	332	21	132		春菜 洋子 神宮寺	
123.2	scene	123	333	336	4	30			
124.0	scene	124	0	135	134	1206			
125.0	scene	125	0	245	243	2377	事務所前	洋子 神宮寺 春菜	
125.1	scene	125	247	249	3	25			
126.0	scene	126	0	931	932	9981		かすみ まなみ	
126.1	scene	126	932	978	47	329		神宮寺	
126.2	scene	126	979	985	7	76			
126.3	scene	126	986	989	4	27			
127.0	scene	127	0	234	235	2359	大河原家		
127.1	scene	127	235	248	14	71		洋子 神宮寺 春菜	
127.2	scene	127	249	251	3	23			
128.0	scene	128	0	721	722	7998			
128.1	scene	128	723	760	38	211		洋子 神宮寺 春菜 知也 貴之 美鈴	
128.2	scene	128	761	763	3	21			
129.0	scene	129	0	233	234	2391			
129.1	scene	129	234	258	25	135		洋子 神宮寺 春菜	
130.0	scene	130	0	266	262	2515		洋子 神宮寺 春菜	
130.1	scene	130	267	271	5	42			
131.0	scene	131	0	250	247	2369		洋子 神宮寺 春菜	
131.1	scene	131	251	254	4	32			
132.0	scene	132	0	225	223	2124	新宿駅西口	洋子 神宮寺 春菜	
132.1	scene	132	226	228	3	25			
133.0	scene	133	0	269	270	2772	託児所前		
133.1	scene	133	270	296	27	169		洋子 神宮寺 春菜	
134.0	scene	134	0	186	185	1833	託児所	神宮寺 洋子 春菜	
134.1	scene	134	187	188	2	16			
135.0	scene	135	0	194	195	1970			
135.1	scene	135	195	216	22	144		洋子 神宮寺 春菜	
136.0	scene	136	0	191	192	1924			
136.1	scene	136	193	209	17	106		洋子 神宮寺 春菜	
137.0	scene	137	0	223	221	2115		洋子 神宮寺 春菜	
137.1	scene	137	224	226	3	25			
138.0	scene	138	0	225	223	2123		洋子 神宮寺 春菜	
138.1	scene	138	227	229	3	25			
139.0	scene	139	0	387	388	4135			
139.1	scene	139	389	414	26	147		神宮寺 貴之 洋子 春菜 知也 熊野	
140.0	scene	140	0	208	209	2064			
140.1	scene	140	210	227	18	104		洋子 神宮寺 春菜	
141.0	scene	141	0	199	200	2003	新宿歌舞伎町		
141.1	scene	141	200	221	22	156		洋子 神宮寺 春菜	
141.2	scene	141	222	224	3	19			
142.0	scene	142	0	222	220	2084	コマ劇場前	洋子 神宮寺 春菜	
142.1	scene	142	223	225	3	25			
143.0	scene	143	0	191	192	1897	一番街		
143.1	scene	143	192	213	22	157		洋子 神宮寺 春菜	
144.0	scene	144	0	195	196	1961	アルタ前		
144.1	scene	144	196	219	24	168		洋子 神宮寺 春菜	
145.0	scene	145	0	224	222	2123		洋子 神宮寺 春菜	
145.1	scene	145	226	228	3	25			
146.0	scene	146	0	431	427	4324		春菜 神宮寺 洋子	
146.1	scene	146	432	436	5	34			
147.0	scene	147	0	135	136	1326			
147.1	scene	147	136	143	8	33			
147.2	scene	147	144	147	4	45			
147.3	scene	147	148	148	1	11			
148.0	scene	148	0	224	225	2272			
148.1	scene	148	225	242	18	107		洋子 神宮寺 春菜	
148.2	scene	148	243	243	1	14	事務所前		
150.0	scene	150	0	362	360	3626	大河原家	洋子 神宮寺 春菜	
150.1	scene	150	363	365	3	25			
151.0	scene	151	0	184	185	1945			
151.1	scene	151	186	197	12	49		哲三 春菜 神宮寺 洋子	
151.2	scene	151	198	200	3	23			
152.0	scene	152	0	144	145	1433			
152.1	scene	152	145	156	12	61		神宮寺 洋子 春菜	
152.2	scene	152	157	159	3	23			
153.0	scene	153	0	239	237	2238		洋子 神宮寺 春菜	
153.1	scene	153	241	243	3	25			
154.0	scene	154	0	217	218	2187			
154.1	scene	154	219	241	23	115		洋子 神宮寺 春菜	
155.0	scene	155	0	243	241	2265		洋子 神宮寺 春菜	
155.1	scene	155	245	247	3	25			
156.0	scene	156	0	226	227	2268			
156.1	scene	156	228	250	23	115		洋子 神宮寺 春菜	
157.0	scene	157	0	204	205	2043	新宿駅西口		
157.1	scene	157	205	224	20	114		洋子 神宮寺 春菜	
158.0	scene	158	0	324	325	3352	託児所前	子供の声	
158.1	scene	158	327	350	24	123		亜希 洋子 神宮寺 春菜 貴之	
158.2	scene	158	351	353	3	23			
159.0	scene	159	0	220	218	2117		洋子 神宮寺 春菜	
159.1	scene	159	222	224	3	25			
160.0	scene	160	0	239	237	2289		洋子 神宮寺 春菜	
160.1	scene	160	241	243	3	25			
161.0	scene	161	0	204	205	2060	淀橋署前		
161.1	scene	161	205	224	20	116		洋子 神宮寺 春菜	
162.0	scene	162	0	213	214	2127	淀橋署の受付		
162.1	scene	162	214	230	17	91		洋子 神宮寺 春菜	
163.0	scene	163	0	206	207	2077	新宿歌舞伎町		
163.1	scene	163	207	226	20	125		洋子 神宮寺 春菜	
163.2	scene	163	227	229	3	19			
164.0	scene	164	0	226	224	2132	コマ劇場前	洋子 神宮寺 春菜	
164.1	scene	164	227	229	3	25			
165.0	scene	165	0	198	199	1989	一番街		
165.1	scene	165	199	218	20	126		洋子 神宮寺 春菜	
166.0	scene	166	0	229	226	2179	アルタ前	洋子 神宮寺 春菜	
166.1	scene	166	230	233	4	34			
167.0	scene	167	0	271	272	2990			
167.1	scene	167	272	290	19	110		神宮寺 春菜 亜希 貴之	
168.0	scene	168	0	601	595	6416		洋子 神宮寺 春菜 貴之 亜希	
168.1	scene	168	603	609	7	46			
169.0	scene	169	0	469	470	4942			
169.1	scene	169	470	491	22	117		洋子 春菜 神宮寺	
169.2	scene	169	492	496	5	36			
169.3	scene	169	497	497	1	11			
170.0	scene	170	0	608	604	6274		熊野 神宮寺 洋子 春菜 洋子の声	
170.1	scene	170	609	613	5	34			
171.0	scene	171	0	119	120	1146			
171.1	scene	171	120	131	12	62			
172.0	scene	172	0	240	238	2362	事務所の前	洋子 神宮寺 春菜	
172.1	scene	172	241	243	3	25			
173.0	scene	173	0	931	932	9981		かすみ まなみ	
173.1	scene	173	932	978	47	329		神宮寺	
173.2	scene	173	979	985	7	76			
173.3	scene	173	986	989	4	27			
174.0	scene	174	0	247	245	2400	大河原家	洋子 神宮寺 春菜	
174.1	scene	174	248	250	3	25			
175.0	scene	175	0	322	319	3198		神宮寺 洋子 春菜	
175.1	scene	175	323	326	4	32			
176.0	scene	176	0	325	322	3252		神宮寺 洋子 春菜	
176.1	scene	176	326	329	4	32			
177.0	scene	177	0	301	302	3125			
177.1	scene	177	302	330	29	175		神宮寺 洋子 春菜	
178.0	scene	178	0	870	871	9622			
178.1	scene	178	871	902	32	185		神宮寺 洋子 春菜 女性	
178.2	scene	178	903	906	4	29			
179.0	scene	179	0	200	201	2001	新宿駅西口		
179.1	scene	179	201	218	18	107		洋子 神宮寺 春菜	
180.0	scene	180	0	204	205	2064	託児所		
180.1	scene	180	205	223	19	113		洋子 神宮寺 春菜	
181.0	scene	181	0	132	133	1351			
181.1	scene	181	133	145	13	60		洋子 神宮寺 春菜 拓朗	
181.2	scene	181	146	149	4	31			
181.3	scene	181	150	150	1	10			
182.0	scene	182	0	190	191	1964	西新宿9丁目		
182.1	scene	182	191	206	16	93		洋子 神宮寺 春菜	
183.0	scene	183	0	197	198	1997	新宿西小学校		
183.1	scene	183	198	212	15	87		洋子 神宮寺 春菜	
184.0	scene	184	0	265	266	2698			
184.1	scene	184	267	287	21	114		貴之 知也 子供 洋子 神宮寺 春菜	
184.2	scene	184	288	291	4	44			
184.3	scene	184	292	293	2	19			
185.0	scene	185	0	216	214	2074	淀橋署	洋子 神宮寺 春菜	
185.1	scene	185	217	219	3	25			
186.0	scene	186	0	221	218	2101	淀橋署の受付	洋子 神宮寺 春菜	
186.1	scene	186	222	225	4	37			
187.0	scene	187	0	196	197	1987			
187.1	scene	187	198	215	18	118		洋子 神宮寺 春菜	
187.2	scene	187	216	218	3	19			
188.0	scene	188	0	192	193	1928	コマ劇場前		
188.1	scene	188	193	212	20	127		洋子 神宮寺 春菜	
189.0	scene	189	0	211	209	2010	一番街	洋子 神宮寺 春菜	
189.1	scene	189	212	214	3	25			
190.0	scene	190	0	217	214	2083	アルタ前	洋子 神宮寺 春菜	
190.1	scene	190	218	221	4	34			
191.0	scene	191	0	780	781	8433			
191.1	scene	191	781	810	30	195		神宮寺 春菜	
191.2	scene	191	811	815	5	44			
191.3	scene	191	816	816	1	11			
192.0	scene	192	0	156	155	1468			
193.0	scene	193	0	321	322	3333			
193.1	scene	193	322	341	20	121		洋子 神宮寺 春菜	
193.2	scene	193	342	342	1	14	事務所前		
195.0	scene	195	0	266	267	2775	大河原家		
195.1	scene	195	268	288	21	108		礼子 神宮寺 洋子 春菜	
195.2	scene	195	289	291	3	22			
196.0	scene	196	0	217	214	2128		洋子 神宮寺 春菜 哲三	
196.1	scene	196	218	221	4	30			
197.0	scene	197	0	175	176	1768			
197.1	scene	197	176	190	15	69		静江 洋子 神宮寺 春菜	
197.2	scene	197	191	193	3	23			
197.3	scene	197	194	194	1	14	応接室		
198.0	scene	198	0	671	665	6950		洋子 神宮寺 春菜 男 中西 前田	
198.1	scene	198	674	680	7	52			
199.0	scene	199	0	320	318	3136		洋子 神宮寺 春菜	
199.1	scene	199	322	324	3	25			
200.0	scene	200	0	296	297	3011			
200.1	scene	200	298	318	21	103		洋子 神宮寺 春菜	
200.2	scene	200	319	321	3	24			
201.0	scene	201	0	329	327	3220		洋子 神宮寺 春菜	
201.1	scene	201	331	333	3	25			
202.0	scene	202	0	449	450	4696			
202.1	scene	202	450	471	22	126		前田 神宮寺 洋子 春菜	
202.2	scene	202	472	474	3	22			
203.0	scene	203	0	313	311	3070	託児所前	洋子 神宮寺 春菜	
203.1	scene	203	314	316	3	25			
204.0	scene	204	0	439	440	4668			
204.1	scene	204	442	468	27	143		知也 貴之 洋子 神宮寺 春菜	
205.0	scene	205	0	293	294	3020	新宿西小学校		
205.1	scene	205	294	310	17	102		洋子 神宮寺 春菜	
205.2	scene	205	311	311	1	9			
205.3	scene	205	312	314	3	19			
206.0	scene	206	0	302	303	3126			
206.1	scene	206	303	327	25	162	淀橋署前	洋子 神宮寺 春菜	
206.2	scene	206	328	328	1	14	淀橋署		
207.0	scene	207	0	573	567	5937		熊野 洋子 神宮寺 春菜	
207.1	scene	207	575	581	7	54			
208.0	scene	208	0	315	313	3081		洋子 神宮寺 春菜	
208.1	scene	208	317	319	3	25			
209.0	scene	209	0	279	280	2862	コマ劇場前		
209.1	scene	209	280	301	22	136		洋子 神宮寺 春菜	
210.0	scene	210	0	302	300	2968	一番街	洋子 神宮寺 春菜	
210.1	scene	210	303	305	3	25			
211.0	scene	211	0	405	397	4058	アルタ前	美鈴 洋子 神宮寺 春菜	
211.1	scene	211	406	414	9	69			
212.0	scene	212	0	354	353	3516		洋子 春菜 神宮寺	
212.1	scene	212	355	356	2	14			
213.0	scene	213	0	167	166	1576			
214.0	scene	214	0	374	372	3777	事務所の前	洋子 神宮寺 春菜	
214.1	scene	214	375	377	3	25			
215.0	scene	215	0	931	932	9981		かすみ まなみ	
215.1	scene	215	932	978	47	329		神宮寺	
215.2	scene	215	979	985	7	76			
215.3	scene	215	986	989	4	27			
216.0	scene	216	0	362	363	3761	大河原家		
216.1	scene	216	363	378	16	72		洋子 神宮寺 春菜	
216.2	scene	216	379	381	3	23			
217.0	scene	217	0	735	736	7885			
217.1	scene	217	737	775	39	229		洋子 神宮寺 春菜 中西 徳子	
218.0	scene	218	0	550	551	5911			
218.1	scene	218	551	583	33	164		洋子 神宮寺 春菜 女性 徳子	
219.0	scene	219	0	584	579	5998		洋子 神宮寺 春菜 男 荒川	
219.1	scene	219	585	590	6	47			
220.0	scene	220	0	484	485	5207			
220.1	scene	220	485	510	26	127		洋子 神宮寺 春菜	
221.0	scene	221	0	356	354	3535	新宿駅西口	洋子 神宮寺 春菜	
221.1	scene	221	357	359	3	25			
222.0	scene	222	0	360	358	3582	託児所	洋子 神宮寺 春菜	
222.1	scene	222	361	363	3	25			
223.0	scene	223	0	102	103	1006			
223.1	scene	223	104	114	11	63		亜希 洋子 神宮寺 春菜	
223.2	scene	223	115	117	3	23			
223.3	scene	223	118	118	1	15	託児所		
224.0	scene	224	0	377	378	3957			
224.1	scene	224	378	398	21	108		洋子 神宮寺 春菜	
225.0	scene	225	0	511	508	5254	新宿西小学校	貴之 洋子 神宮寺 春菜 美鈴 知也	
225.1	scene	225	513	516	4	30			
226.0	scene	226	0	356	354	3532		洋子 神宮寺 春菜	
226.1	scene	226	358	360	3	25			
227.0	scene	227	0	328	329	3406	淀橋署		
227.1	scene	227	329	351	23	130		洋子 神宮寺 春菜	
228.0	scene	228	0	475	469	4793	淀橋署の受付	熊野 洋子 神宮寺 春菜	
228.1	scene	228	478	484	7	61			
229.0	scene	229	0	358	356	3564		洋子 神宮寺 春菜	
229.1	scene	229	360	362	3	25			
230.0	scene	230	0	351	349	3486	コマ劇場前	洋子 神宮寺 春菜	
230.1	scene	230	352	354	3	25			
231.0	scene	231	0	320	321	3320	一番街		
231.1	scene	231	321	343	23	140		洋子 神宮寺 春菜	
232.0	scene	232	0	325	326	3389	アルタ前		
232.1	scene	232	326	350	25	151		洋子 神宮寺 春菜	
233.0	scene	233	0	290	291	2935			
233.1	scene	233	291	311	21	114		春菜 神宮寺 洋子	
233.2	scene	233	312	314	3	34			
233.3	scene	233	315	319	5	35			
233.4	scene	233	320	322	3	35			
240.0	scene	240	0	678	669	7116		神宮寺 洋子 春菜 男 中西 哲三 子供	
240.1	scene	240	679	688	10	58			
246.0	scene	246	0	107	104	1089		貴之 知也 美鈴 神宮寺 洋子 春菜	
246.1	scene	246	108	111	4	24			
253.0	scene	253	0	191	192	1961			
253.1	scene	253	192	220	29	198		貴之 知也 美鈴 洋子 神宮寺 春菜	
253.2	scene	253	221	224	4	44			
254.0	scene	254	0	337	338	3870			
254.1	scene	254	338	360	23	128		徳子 神宮寺 洋子 春菜	
254.2	scene	254	361	364	4	45			
254.3	scene	254	365	365	1	11			
256.0	scene	256	0	111	107	1092		貴之 知也 美鈴 中西	
256.1	scene	256	112	116	5	31			
257.0	scene	257	0	380	381	4010		洋子の声	
257.1	scene	257	382	420	39	244		神宮寺 洋子 春菜 中西 哲三 貴之	
257.2	scene	257	421	428	8	105			
257.3	scene	257	429	429	1	16			
258.0	scene	258	0	144	145	1319		洋子 神宮寺 春菜	
259.0	scene	259	0	144	145	1319		洋子 神宮寺 春菜	
260.0	scene	260	0	144	145	1319		洋子 神宮寺 春菜	
261.0	scene	261	0	201	201	1972		洋子 神宮寺 春菜	
261.1	scene	261	202	202	1	7			
262.0	scene	262	0	138	139	1240	新宿駅西口	洋子 神宮寺 春菜	
263.0	scene	263	0	115	116	1119	託児所前		
263.1	scene	263	116	135	20	122		洋子 神宮寺 春菜	
264.0	scene	264	0	35	36	381	託児所	亜希 神宮寺	
265.0	scene	265	0	112	113	1068			
265.1	scene	265	113	125	13	70		洋子 神宮寺 春菜	
266.0	scene	266	0	173	174	1718			
266.1	scene	266	174	189	16	86		洋子 神宮寺 春菜	
267.0	scene	267	0	199	200	2008			
267.1	scene	267	200	224	25	152		神宮寺 洋子 春菜	
268.0	scene	268	0	116	117	1124	淀橋署前		
268.1	scene	268	117	135	19	120		洋子 神宮寺 春菜	
269.0	scene	269	0	7	8	78	淀橋署		
270.0	scene	270	0	73	74	796			
270.1	scene	270	74	88	15	107		神宮寺 亜希 徳子	
272.0	scene	272	0	126	123	1316		美鈴 男 知也 洋子 神宮寺 春菜	
273.0	scene	273	0	99	100	1079			
273.1	scene	273	100	103	4	15		美鈴 知也	
273.2	scene	273	104	108	5	55			
273.3	scene	273	109	109	1	11			
276.0	scene	276	0	199	191	1885		神宮寺 男	
276.1	scene	276	200	208	9	62			
277.0	scene	277	0	77	78	882			
277.1	scene	277	78	82	5	28		知也 美鈴	
277.2	scene	277	83	88	6	61			
277.3	scene	277	89	89	1	11			
278.0	scene	278	0	53	54	537			
278.1	scene	278	54	76	23	119		知也 美鈴 神宮寺 貴之 哲三 春菜 礼子 洋子	
278.2	scene	278	77	77	1	11			
279.0	scene	279	0	371	362	3938		洋子 神宮寺 熊野 春菜 貴之 知也 美鈴 哲三 礼子 静江	
279.1	scene	279	374	383	10	59			
280.0	scene	280	0	215	210	2181		神宮寺 礼子 熊野 静江 哲三 洋子 春菜 貴之 知也 美鈴	
280.1	scene	280	216	220	5	30			
281.0	scene	281	0	109	110	1067		子供の声	
281.1	scene	281	111	130	20	105		徳子 神宮寺 貴之 知也 美鈴 亜希	
281.2	scene	281	131	133	3	22			
281.3	scene	281	134	134	1	11			
282	quiz	282	0	9	10	97			问答/审讯分支
283	quiz	283	0	23	23	190			问答/审讯分支
284	quiz	284	0	14	15	128			问答/审讯分支
285	quiz	285	0	52	53	472		メゾン西新宿	问答/审讯分支
286	quiz	286	0	52	52	461			问答/审讯分支
287	quiz	287	0	67	68	605			问答/审讯分支
288	quiz	288	0	69	70	629			问答/审讯分支
289	quiz	289	0	67	68	605			问答/审讯分支
290	quiz	290	0	67	68	605			问答/审讯分支
291	quiz	291	0	67	68	605			问答/审讯分支
292	quiz	292	0	67	68	605			问答/审讯分支
293	quiz	293	0	67	68	605			问答/审讯分支
294	quiz	294	0	69	70	637			问答/审讯分支
295	quiz	295	0	68	68	622			问答/审讯分支
296	quiz	296	0	14	15	128			问答/审讯分支
297	quiz	297	0	110	104	994			问答/审讯分支
298	quiz	298	0	93	87	762			问答/审讯分支
299	quiz	299	0	93	89	830			问答/审讯分支
300	quiz	300	0	76	70	683			问答/审讯分支
301	quiz	301	0	56	56	573			问答/审讯分支
302	quiz	302	0	91	92	870			问答/审讯分支
303	quiz	303	0	56	57	522			问答/审讯分支
304	quiz	304	0	112	110	1027		洋子 神宮寺 春菜	问答/审讯分支
305	quiz	305	0	57	56	563		貴之	问答/审讯分支
306	quiz	306	0	74	75	767		貴之	问答/审讯分支
307	quiz	307	0	43	44	391		貴之	问答/审讯分支
308	quiz	308	0	76	75	720		貴之	问答/审讯分支
309	quiz	309	0	56	54	502			问答/审讯分支
310	quiz	310	0	38	37	395			问答/审讯分支
311	quiz	311	0	40	41	363			问答/审讯分支
312	quiz	312	0	57	58	544			问答/审讯分支
313	quiz	313	0	56	53	422		声	问答/审讯分支
314	quiz	314	0	571	571	6273			问答/审讯分支
315	quiz	315	0	153	153	1163		春菜 佐藤亜希 北条隼人	问答/审讯分支
316	quiz	316	0	43	43	352		洋子	问答/审讯分支
317	quiz	317	0	46	45	321		洋子	问答/审讯分支
318	quiz	318	0	48	47	385		神宮寺 洋子	问答/审讯分支
319	quiz	319	0	48	47	373		神宮寺 洋子	问答/审讯分支
320	quiz	320	0	53	52	436		洋子	问答/审讯分支
321	quiz	321	0	46	45	335		神宮寺 洋子	问答/审讯分支
322	quiz	322	0	50	49	409		神宮寺 洋子	问答/审讯分支
323	quiz	323	0	30	29	271		神宮寺 洋子	问答/审讯分支
324	quiz	324	0	50	50	507		洋子 春菜	问答/审讯分支
325	quiz	325	0	46	46	408		洋子 春菜	问答/审讯分支
326	quiz	326	0	49	49	484		洋子 春菜	问答/审讯分支
327	quiz	327	0	43	43	472		洋子 春菜	问答/审讯分支
328	quiz	328	0	44	44	412		洋子 春菜	问答/审讯分支
329	quiz	329	0	53	53	551		洋子 春菜	问答/审讯分支
330	quiz	330	0	47	47	479		洋子 春菜	问答/审讯分支
331	quiz	331	0	48	48	510		洋子 春菜	问答/审讯分支
332	quiz	332	0	51	51	542		洋子 春菜	问答/审讯分支
333	quiz	333	0	47	47	471		洋子 春菜	问答/审讯分支
334	quiz	334	0	45	45	344		洋子 春菜	问答/审讯分支
335	quiz	335	0	44	44	415		洋子 春菜	问答/审讯分支
336	quiz	336	0	48	48	490		洋子 春菜	问答/审讯分支
337	quiz	337	0	46	46	442		洋子 春菜	问答/审讯分支
338	quiz	338	0	34	34	345		洋子	问答/审讯分支
339	quiz	339	0	30	30	264		神宮寺	问答/审讯分支
340	quiz	340	0	44	44	368		洋子 春菜	问答/审讯分支
341	quiz	341	0	45	45	410		佐藤亜希 洋子 春菜	问答/审讯分支
342	quiz	342	0	46	46	413		洋子 春菜	问答/审讯分支
343	quiz	343	0	47	47	508		洋子 春菜	问答/审讯分支
344	quiz	344	0	48	48	501		洋子 春菜	问答/审讯分支
345	quiz	345	0	51	51	541		洋子 春菜	问答/审讯分支
346	quiz	346	0	43	43	336		洋子 春菜	问答/审讯分支
347	quiz	347	0	47	47	481		洋子 春菜	问答/审讯分支
348	quiz	348	0	44	44	318		洋子 春菜	问答/审讯分支
349	quiz	349	0	46	46	443		洋子 春菜	问答/审讯分支
350	quiz	350	0	46	46	452		洋子 春菜	问答/审讯分支
351	quiz	351	0	46	46	464		洋子 春菜	问答/审讯分支
352	quiz	352	0	46	46	424		洋子 春菜	问答/审讯分支
353	quiz	353	0	46	46	480		洋子 春菜	问答/审讯分支
354	quiz	354	0	14	15	92		春菜	问答/审讯分支
355	quiz	355	0	44	44	465		洋子 春菜	问答/审讯分支
356	quiz	356	0	46	46	431		洋子 春菜	问答/审讯分支
357	quiz	357	0	46	46	409		洋子 春菜	问答/审讯分支
358	quiz	358	0	24	24	161		神宮寺	问答/审讯分支
359	quiz	359	0	26	27	231		神宮寺	问答/审讯分支
360	quiz	360	0	45	45	431		洋子 春菜	问答/审讯分支
361	quiz	361	0	18	18	129		神宮寺	问答/审讯分支
362	quiz	362	0	47	47	406		洋子 春菜	问答/审讯分支
363	quiz	363	0	44	44	336		洋子 春菜	问答/审讯分支
364	quiz	364	0	46	46	455		洋子 春菜	问答/审讯分支
365	quiz	365	0	46	46	472		洋子 春菜	问答/审讯分支
366	quiz	366	0	44	44	470		洋子 春菜	问答/审讯分支
367	quiz	367	0	49	49	492		洋子 春菜	问答/审讯分支
368	quiz	368	0	46	46	563		洋子 春菜	问答/审讯分支
369	quiz	369	0	30	30	265		神宮寺	问答/审讯分支
370	quiz	370	0	28	28	217		神宮寺	问答/审讯分支
371	quiz	371	0	45	45	356		佐藤亜希 神宮寺三郎 洋子 春菜	问答/审讯分支
372	quiz	372	0	56	56	574		洋子 春菜	问答/审讯分支
373	quiz	373	0	46	46	455		洋子 春菜	问答/审讯分支
374	quiz	374	0	46	46	385		洋子 春菜	问答/审讯分支
375	quiz	375	0	49	49	477		洋子 春菜	问答/审讯分支
376	quiz	376	0	47	47	460		洋子 春菜	问答/审讯分支
377	quiz	377	0	47	47	310		洋子 春菜	问答/审讯分支
378	quiz	378	0	28	28	235		神宮寺	问答/审讯分支
379	quiz	379	0	46	46	475		洋子 春菜	问答/审讯分支
380	quiz	380	0	30	31	243		神宮寺	问答/审讯分支
381	quiz	381	0	48	48	506		洋子 春菜	问答/审讯分支
382	quiz	382	0	46	46	413		洋子 春菜	问答/审讯分支
383	quiz	383	0	46	46	415		洋子 春菜	问答/审讯分支
384	quiz	384	0	44	44	429		洋子 春菜	问答/审讯分支
385	quiz	385	0	39	39	374		洋子 春菜	问答/审讯分支
386	quiz	386	0	27	27	203		神宮寺	问答/审讯分支
387	quiz	387	0	49	49	425		洋子 春菜	问答/审讯分支
388	quiz	388	0	45	45	405		佐藤亜希 洋子 春菜	问答/审讯分支
389	quiz	389	0	47	48	433		神宮寺 洋子 春菜	问答/审讯分支
390	quiz	390	0	43	43	427		洋子 春菜	问答/审讯分支
391	quiz	391	0	46	47	441		神宮寺 洋子 春菜	问答/审讯分支
392	quiz	392	0	44	44	423		洋子 春菜	问答/审讯分支
393	quiz	393	0	44	44	365		洋子 春菜	问答/审讯分支
394	quiz	394	0	46	46	390		洋子 春菜	问答/审讯分支
395	quiz	395	0	50	50	557		洋子 春菜	问答/审讯分支
396	quiz	396	0	46	46	370		洋子 春菜	问答/审讯分支
397	quiz	397	0	48	49	458		神宮寺 洋子 春菜	问答/审讯分支
398	quiz	398	0	43	43	441		洋子 春菜	问答/审讯分支
399	quiz	399	0	48	48	507		洋子 春菜	问答/审讯分支
400	quiz	400	0	45	45	422		洋子 春菜	问答/审讯分支
401	quiz	401	0	45	45	434		洋子 春菜	问答/审讯分支
402	quiz	402	0	46	46	379		佐藤亜希 洋子 春菜	问答/审讯分支
403	quiz	403	0	46	46	392		洋子 春菜	问答/审讯分支
404	quiz	404	0	47	47	363		洋子 春菜	问答/审讯分支
405	quiz	405	0	41	41	401		洋子 春菜	问答/审讯分支
406	quiz	406	0	47	47	393		神宮寺三郎 洋子 春菜	问答/审讯分支
407	quiz	407	0	48	49	443		神宮寺 洋子 春菜	问答/审讯分支
408	quiz	408	0	49	49	519		洋子 春菜	问答/审讯分支
409	quiz	409	0	45	45	406		洋子 春菜	问答/审讯分支
410	quiz	410	0	47	47	498		洋子 春菜	问答/审讯分支
411	quiz	411	0	35	36	290		神宮寺	问答/审讯分支
412	quiz	412	0	48	48	522		洋子 春菜	问答/审讯分支
413	quiz	413	0	47	47	400		神宮寺三郎 洋子 春菜	问答/审讯分支
414	quiz	414	0	51	51	536		洋子 春菜	问答/审讯分支
415	quiz	415	0	50	51	522		神宮寺 洋子 春菜	问答/审讯分支
416	quiz	416	0	39	40	328			问答/审讯分支
417	quiz	417	0	43	44	318		メゾン西新宿	问答/审讯分支
418	chara	418	0	33	34	401			人物资料页
419	chara	419	1	24	24	254			人物资料页
420	chara	420	0	30	31	363			人物资料页
421	chara	421	0	50	51	512			人物资料页
422	chara	422	1	51	51	563			人物资料页
423	chara	423	1	31	31	370			人物资料页
424	chara	424	0	55	56	634			人物资料页
425	chara	425	1	48	48	539			人物资料页
426	chara	426	1	43	43	481			人物资料页
427	chara	427	0	39	40	453			人物资料页
428	chara	428	1	59	59	646			人物资料页
429	chara	429	1	23	23	232			人物资料页
430	chara	430	1	37	37	402			人物资料页
431	chara	431	1	48	48	504			人物资料页
432	trivia	432	1	26	26	288			制作/问答彩蛋页
433.0	scene	433	1	300	298	2978		洋子 熊野 神宮寺	
433.1	scene	433	301	302	2	14			
434	credits	434	0	60	61	697			STAFF/寄语页
435.0	scene	435	0	142	143	1501			
436	credits	436	1	12	12	89		春菜 礼子	STAFF/寄语页
437.0	scene	437	0	267	268	2768		まなみ かすみ	
437.1	scene	437	268	278	10	36			
437.2	scene	437	279	280	2	20			
438.0	scene	438	0	29	30	321			
439.0	scene	439	0	16	17	203			
439.1	scene	439	17	18	2	10		神宮寺	
440.0	scene	440	0	45	46	565			
441.0	scene	441	0	5	6	73	託児所		
441.1	scene	441	6	11	6	38		子供	
442.0	scene	442	0	17	18	198			
442.1	scene	442	18	27	10	49		神宮寺 洋子 春菜	
443.0	scene	443	0	52	53	646			
443.1	scene	443	53	53	1	3		神宮寺	
444.0	scene	444	0	17	18	167		亜希 母親 拓朗 神宮寺	
445.0	scene	445	0	19	20	188		貴之 美鈴 知也 神宮寺	
446.0	scene	446	0	9	10	108		神宮寺	
447.0	scene	447	0	55	54	612		春菜 礼子	
448.0	scene	448	0	24	25	290			
448.1	scene	448	25	25	1	2		亜希	
449.0	scene	449	0	39	39	432		洋子 貴之 知也 美鈴	
450.0	scene	450	0	28	29	363			
450.1	scene	450	29	29	1	2		亜希	
451.0	scene	451	0	39	38	384		知也 美鈴 貴之	
452.0	scene	452	0	36	37	431			
452.1	scene	452	37	44	8	46		神宮寺 前田	
453.0	scene	453	0	7	8	83			
454.0	scene	454	1	5	5	46			
455.0	scene	455	0	2	3	30			
455.1	scene	455	3	8	6	37		美鈴 貴之	
456.0	scene	456	0	13	14	162			
456.1	scene	456	14	18	5	29		神宮寺 貴之	
457.0	scene	457	0	27	27	252		神宮寺の声 春菜 礼子	
458.0	scene	458	0	88	85	895		美鈴 知也 男	
459.0	scene	459	0	20	21	182		男	
460.0	scene	460	0	17	18	156			
461.0	scene	461	0	9	5	28		神宮寺 男	
462.0	scene	462	0	64	65	769			
462.1	scene	462	65	79	15	109		神宮寺 哲三 静江 貴之 熊野	
463.0	scene	463	0	43	43	449		徳子 貴之	
464.0	scene	464	0	39	40	466			
464.1	scene	464	40	45	6	34		亜希 神宮寺 徳子	
464.2	scene	464	46	47	2	29			
465.0	scene	465	0	10	11	130			
465.1	scene	465	11	20	10	59		徳子 美鈴 貴之 亜希	
466	credits	466	0	60	61	422			STAFF/寄语页
467	credits	467	0	1	2	16			STAFF/寄语页
468	credits	468	0	8	9	102			STAFF/寄语页
480	credits	480	0	46	47	457		春菜 貴之 知也 美鈴	STAFF/寄语页
482	credits	482	0	9	9	71		貴之 知也 美鈴	STAFF/寄语页
483	credits	483	0	22	23	191		貴之 子供 知也 美鈴	STAFF/寄语页
488	trivia	488	0	55	56	634		哲三 静江 礼子	制作/问答彩蛋页
490	credits	490	0	13	14	128			STAFF/寄语页
491	credits	491	0	14	15	132			STAFF/寄语页
500	credits	500	0	251	250	2679		神宮寺 女性	STAFF/寄语页
501	credits	501	0	347	342	3530		智美 神宮寺	STAFF/寄语页
502	credits	502	0	371	372	3767		少年 貴之	STAFF/寄语页
503	credits	503	0	444	444	4668		神宮寺 佐藤亜希	STAFF/寄语页
504	credits	504	0	345	346	3615		神宮寺 子供	STAFF/寄语页
505	credits	505	0	321	322	3349		神宮寺 徳子 佐藤亜希	STAFF/寄语页
506	credits	506	0	238	237	2491		神宮寺	STAFF/寄语页
507	credits	507	0	4	5	50			STAFF/寄语页
